,Predicted
0,16
1,133
2,16
3,16
4,16
5,19
6,96
7,16
8,96
9,16
10,19
11,19
12,16
13,16
14,19
15,16
16,16
17,16
18,16
19,16
20,16
21,16
22,19
23,19
24,16
25,19
26,16
27,16
28,16
29,19
30,96
31,16
32,133
33,19
34,16
35,16
36,16
37,19
38,16
39,16
40,16
41,16
42,19
43,19
44,19
45,16
46,19
47,19
48,19
49,16
50,16
51,16
52,19
53,19
54,19
55,19
56,19
57,19
58,19
59,19
60,19
61,19
62,19
63,16
64,41
65,19
66,19
67,16
68,19
69,16
70,19
71,19
72,19
73,16
74,16
75,19
76,19
77,19
78,19
79,19
80,16
81,19
82,16
83,96
84,19
85,19
86,19
87,16
88,19
89,96
90,19
91,19
92,19
93,19
94,16
95,19
96,16
97,16
98,19
99,16
100,19
101,16
102,129
103,19
104,19
105,96
106,16
107,19
108,16
109,19
110,19
111,19
112,19
113,16
114,16
115,19
116,19
117,19
118,19
119,19
120,19
121,19
122,19
123,16
124,19
125,16
126,19
127,16
128,19
129,19
130,19
131,19
132,16
133,16
134,19
135,16
136,19
137,19
138,13
139,16
140,19
141,19
142,16
143,19
144,16
145,19
146,16
147,16
148,16
149,19
150,19
151,96
152,16
153,19
154,16
155,19
156,19
157,16
158,16
159,19
160,19
161,19
162,16
163,19
164,19
165,19
166,16
167,19
168,16
169,19
170,16
171,16
172,16
173,19
174,16
175,19
176,19
177,16
178,19
179,19
180,19
181,96
182,16
183,19
184,16
185,19
186,16
187,133
188,16
189,19
190,19
191,19
192,16
193,16
194,19
195,19
196,19
197,19
198,16
199,16
200,19
201,19
202,16
203,19
204,19
205,19
206,19
207,16
208,16
209,16
210,41
211,19
212,96
213,19
214,16
215,16
216,19
217,19
218,19
219,16
220,19
221,19
222,19
223,19
224,19
225,16
226,16
227,23
228,13
229,16
230,19
231,19
232,19
233,19
234,16
235,16
236,96
237,16
238,133
239,16
240,16
241,13
242,13
243,19
244,19
245,19
246,19
247,19
248,19
249,16
250,16
251,19
252,19
253,16
254,19
255,19
256,19
257,16
258,19
259,19
260,19
261,16
262,19
263,19
264,16
265,19
266,16
267,129
268,19
269,19
270,19
271,16
272,19
273,16
274,96
275,16
276,16
277,19
278,19
279,19
280,16
281,16
282,19
283,19
284,19
285,13
286,16
287,16
288,16
289,16
290,19
291,19
292,19
293,19
294,19
295,19
296,16
297,19
298,16
299,41
300,19
301,19
302,19
303,19
304,19
305,13
306,19
307,19
308,129
309,19
310,16
311,19
312,19
313,19
314,19
315,96
316,19
317,19
318,19
319,19
320,16
321,16
322,16
323,16
324,16
325,16
326,41
327,16
328,13
329,19
330,19
331,16
332,16
333,19
334,16
335,16
336,16
337,16
338,16
339,19
340,19
341,13
342,19
343,19
344,16
345,16
346,16
347,16
348,16
349,19
350,16
351,96
352,16
353,19
354,16
355,19
356,16
357,19
358,19
359,19
360,19
361,16
362,16
363,41
364,19
365,16
366,19
367,41
368,16
369,16
370,19
371,16
372,16
373,19
374,19
375,19
376,19
377,19
378,19
379,19
380,16
381,16
382,19
383,19
384,16
385,16
386,19
387,16
388,19
389,16
390,16
391,16
392,16
393,13
394,16
395,19
396,16
397,96
398,16
399,16
400,16
401,19
402,16
403,19
404,16
405,16
406,13
407,13
408,19
409,16
410,96
411,19
412,16
413,19
414,19
415,16
416,16
417,19
418,13
419,41
420,16
421,16
422,19
423,19
424,19
425,19
426,19
427,129
428,16
429,129
430,41
431,16
432,19
433,16
434,129
435,19
436,19
437,19
438,16
439,19
440,16
441,16
442,19
443,19
444,13
445,16
446,19
447,16
448,19
449,19
450,19
451,19
452,16
453,19
454,19
455,16
456,13
457,96
458,19
459,16
460,16
461,41
462,19
463,16
464,19
465,16
466,16
467,19
468,13
469,16
470,16
471,41
472,41
473,16
474,16
475,19
476,16
477,41
478,16
479,16
480,19
481,19
482,16
483,16
484,13
485,19
486,16
487,19
488,16
489,19
490,19
491,16
492,16
493,129
494,16
495,16
496,19
497,19
498,10
499,16
500,16
501,16
502,16
503,19
504,16
505,16
506,19
507,16
508,16
509,16
510,19
511,19
512,13
513,96
514,16
515,19
516,19
517,16
518,16
519,19
520,19
521,129
522,19
523,19
524,16
525,41
526,16
527,13
528,16
529,19
530,16
531,16
532,19
533,16
534,19
535,41
536,19
537,19
538,19
539,16
540,41
541,16
542,16
543,16
544,19
545,16
546,16
547,19
548,16
549,16
550,16
551,16
552,19
553,16
554,16
555,13
556,19
557,16
558,19
559,16
560,13
561,16
562,16
563,16
564,19
565,16
566,19
567,16
568,41
569,19
570,19
571,19
572,19
573,13
574,19
575,19
576,19
577,16
578,16
579,19
580,19
581,19
582,16
583,13
584,16
585,19
586,16
587,16
588,16
589,19
590,19
591,19
592,19
593,16
594,16
595,19
596,16
597,16
598,19
599,16
600,13
601,19
602,19
603,19
604,16
605,16
606,16
607,19
608,16
609,41
610,19
611,16
612,16
613,16
614,96
615,43
616,19
617,19
618,129
619,16
620,23
621,43
622,19
623,19
624,16
625,16
626,16
627,19
628,16
629,133
630,96
631,19
632,19
633,19
634,19
635,16
636,13
637,19
638,16
639,19
640,16
641,19
642,19
643,19
644,19
645,19
646,16
647,43
648,19
649,19
650,43
651,19
652,16
653,16
654,19
655,19
656,16
657,19
658,19
659,23
660,16
661,19
662,16
663,19
664,19
665,10
666,19
667,16
668,19
669,13
670,16
671,41
672,16
673,13
674,43
675,16
676,19
677,16
678,133
679,16
680,16
681,16
682,13
683,96
684,16
685,16
686,19
687,16
688,19
689,19
690,19
691,16
692,19
693,16
694,16
695,16
696,16
697,16
698,16
699,19
700,16
701,16
702,19
703,16
704,16
705,16
706,16
707,19
708,19
709,16
710,19
711,16
712,16
713,16
714,16
715,41
716,16
717,19
718,19
719,19
720,16
721,43
722,16
723,19
724,19
725,16
726,16
727,16
728,19
729,16
730,13
731,19
732,19
733,16
734,16
735,16
736,16
737,19
738,16
739,16
740,19
741,19
742,16
743,96
744,41
745,41
746,16
747,19
748,16
749,19
750,16
751,19
752,16
753,41
754,19
755,19
756,19
757,19
758,16
759,16
760,16
761,16
762,16
763,19
764,19
765,16
766,16
767,19
768,19
769,16
770,16
771,16
772,19
773,133
774,16
775,16
776,10
777,96
778,19
779,16
780,19
781,19
782,19
783,19
784,19
785,16
786,13
787,16
788,19
789,16
790,16
791,19
792,19
793,16
794,19
795,16
796,19
797,19
798,10
799,96
800,19
801,43
802,16
803,133
804,13
805,19
806,19
807,19
808,19
809,16
810,16
811,16
812,16
813,16
814,19
815,16
816,16
817,16
818,16
819,16
820,16
821,19
822,16
823,16
824,19
825,16
826,19
827,19
828,19
829,19
830,19
831,10
832,16
833,19
834,16
835,96
836,16
837,16
838,19
839,19
840,16
841,16
842,19
843,19
844,19
845,16
846,16
847,19
848,16
849,19
850,19
851,129
852,16
853,19
854,19
855,19
856,19
857,16
858,19
859,19
860,19
861,19
862,16
863,19
864,16
865,19
866,19
867,16
868,16
869,16
870,19
871,19
872,19
873,16
874,19
875,13
876,19
877,16
878,16
879,16
880,16
881,16
882,16
883,19
884,16
885,16
886,16
887,16
888,19
889,19
890,16
891,19
892,16
893,19
894,16
895,19
896,19
897,16
898,16
899,16
900,16
901,10
902,16
903,13
904,19
905,13
906,19
907,16
908,19
909,16
910,16
911,16
912,19
913,16
914,16
915,16
916,16
917,16
918,13
919,19
920,19
921,16
922,19
923,16
924,13
925,16
926,16
927,16
928,41
929,19
930,16
931,19
932,19
933,19
934,19
935,19
936,16
937,19
938,19
939,16
940,16
941,16
942,16
943,19
944,19
945,19
946,19
947,41
948,19
949,19
950,19
951,19
952,19
953,13
954,19
955,16
956,19
957,19
958,16
959,19
960,16
961,13
962,19
963,43
964,19
965,16
966,19
967,19
968,16
969,19
970,19
971,19
972,19
973,19
974,16
975,16
976,19
977,19
978,19
979,19
980,19
981,19
982,19
983,19
984,19
985,19
986,16
987,16
988,19
989,19
990,19
991,19
992,16
993,16
994,16
995,10
996,16
997,19
998,19
999,19
1000,43
1001,19
1002,16
1003,10
1004,19
1005,19
1006,19
1007,16
1008,19
1009,16
1010,19
1011,19
1012,19
1013,16
1014,19
1015,16
1016,19
1017,16
1018,19
1019,16
1020,19
1021,96
1022,16
1023,19
1024,16
1025,16
1026,16
1027,19
1028,16
1029,19
1030,19
1031,19
1032,96
1033,16
1034,19
1035,19
1036,16
1037,19
1038,16
1039,16
1040,16
1041,19
1042,19
1043,19
1044,16
1045,19
1046,16
1047,19
1048,19
1049,19
1050,10
1051,23
1052,16
1053,19
1054,16
1055,19
1056,16
1057,16
1058,19
1059,16
1060,19
1061,16
1062,19
1063,19
1064,96
1065,19
1066,16
1067,19
1068,19
1069,19
1070,16
1071,19
1072,19
1073,10
1074,19
1075,19
1076,19
1077,19
1078,16
1079,16
1080,16
1081,16
1082,19
1083,19
1084,16
1085,19
1086,96
1087,16
1088,19
1089,16
1090,10
1091,16
1092,19
1093,19
1094,16
1095,16
1096,19
1097,16
1098,19
1099,19
1100,19
1101,96
1102,19
1103,16
1104,16
1105,19
1106,19
1107,19
1108,41
1109,19
1110,16
1111,16
1112,13
1113,96
1114,13
1115,19
1116,16
1117,19
1118,19
1119,16
1120,19
1121,19
1122,19
1123,19
1124,19
1125,16
1126,16
1127,41
1128,19
1129,19
1130,19
1131,19
1132,19
1133,19
1134,16
1135,129
1136,16
1137,16
1138,96
1139,19
1140,19
1141,19
1142,19
1143,16
1144,19
1145,19
1146,16
1147,16
1148,16
1149,96
1150,16
1151,16
1152,19
1153,16
1154,96
1155,16
1156,19
1157,19
1158,16
1159,16
1160,16
1161,133
1162,16
1163,19
1164,41
1165,96
1166,96
1167,19
1168,16
1169,19
1170,16
1171,16
1172,16
1173,19
1174,19
1175,19
1176,19
1177,19
1178,19
1179,16
1180,19
1181,16
1182,19
1183,19
1184,19
1185,16
1186,16
1187,16
1188,16
1189,19
1190,16
1191,16
1192,19
1193,19
1194,16
1195,19
1196,16
1197,16
1198,16
1199,16
1200,19
1201,16
1202,19
1203,16
1204,19
1205,16
1206,16
1207,16
1208,16
1209,16
1210,133
1211,19
1212,16
1213,16
1214,16
1215,41
1216,16
1217,16
1218,16
1219,19
1220,19
1221,41
1222,96
1223,16
1224,16
1225,16
1226,16
1227,16
1228,16
1229,16
1230,16
1231,16
1232,19
1233,16
1234,41
1235,16
1236,133
1237,16
1238,16
1239,16
1240,16
1241,19
1242,16
1243,19
1244,19
1245,13
1246,19
1247,16
1248,96
1249,16
1250,19
1251,19
1252,16
1253,16
1254,16
1255,16
1256,16
1257,16
1258,16
1259,16
1260,16
1261,16
1262,10
1263,16
1264,16
1265,19
1266,16
1267,19
1268,16
1269,19
1270,19
1271,96
1272,10
1273,19
1274,19
1275,19
1276,16
1277,16
1278,10
1279,16
1280,16
1281,16
1282,19
1283,16
1284,19
1285,16
1286,19
1287,16
1288,133
1289,16
1290,16
1291,16
1292,16
1293,16
1294,16
1295,96
1296,96
1297,19
1298,16
1299,16
1300,19
1301,16
1302,19
1303,16
1304,16
1305,19
1306,19
1307,19
1308,16
1309,43
1310,16
1311,16
1312,16
1313,19
1314,16
1315,16
1316,133
1317,16
1318,19
1319,19
1320,10
1321,16
1322,19
1323,16
1324,10
1325,13
1326,16
1327,19
1328,19
1329,19
1330,19
1331,16
1332,19
1333,96
1334,16
1335,13
1336,16
1337,19
1338,19
1339,10
1340,19
1341,19
1342,16
1343,19
1344,16
1345,10
1346,13
1347,16
1348,16
1349,16
1350,16
1351,16
1352,96
1353,19
1354,16
1355,16
1356,16
1357,10
1358,16
1359,19
1360,19
1361,19
1362,16
1363,19
1364,19
1365,19
1366,19
1367,19
1368,19
1369,10
1370,16
1371,16
1372,19
1373,19
1374,16
1375,16
1376,19
1377,16
1378,16
1379,19
1380,19
1381,19
1382,19
1383,19
1384,19
1385,16
1386,16
1387,16
1388,19
1389,16
1390,16
1391,13
1392,19
1393,19
1394,16
1395,16
1396,43
1397,16
1398,16
1399,19
1400,16
1401,19
1402,16
1403,10
1404,19
1405,10
1406,16
1407,96
1408,19
1409,19
1410,16
1411,19
1412,19
1413,19
1414,96
1415,19
1416,133
1417,19
1418,19
1419,19
1420,96
1421,16
1422,19
1423,133
1424,19
1425,19
1426,16
1427,19
1428,19
1429,16
1430,19
1431,19
1432,19
1433,19
1434,19
1435,16
1436,19
1437,16
1438,16
1439,19
1440,19
1441,16
1442,19
1443,19
1444,19
1445,19
1446,19
1447,16
1448,19
1449,19
1450,19
1451,19
1452,16
1453,19
1454,16
1455,16
1456,19
1457,16
1458,16
1459,19
1460,16
1461,16
1462,16
1463,16
1464,16
1465,19
1466,19
1467,96
1468,19
1469,19
1470,19
1471,16
1472,16
1473,16
1474,19
1475,19
1476,19
1477,19
1478,19
1479,19
1480,16
1481,16
1482,16
1483,16
1484,16
1485,16
1486,19
1487,19
1488,16
1489,19
1490,16
1491,19
1492,19
1493,19
1494,16
1495,16
1496,16
1497,16
1498,16
1499,16
1500,19
1501,10
1502,10
1503,16
1504,19
1505,19
1506,41
1507,19
1508,19
1509,16
1510,16
1511,19
1512,19
1513,19
1514,19
1515,16
1516,16
1517,16
1518,16
1519,19
1520,19
1521,19
1522,96
1523,41
1524,16
1525,19
1526,19
1527,16
1528,16
1529,16
1530,41
1531,19
1532,19
1533,19
1534,19
1535,16
1536,16
1537,19
1538,16
1539,96
1540,16
1541,41
1542,16
1543,41
1544,41
1545,19
1546,16
1547,16
1548,41
1549,19
1550,19
1551,16
1552,19
1553,16
1554,19
1555,16
1556,19
1557,16
1558,133
1559,16
1560,19
1561,16
1562,19
1563,19
1564,16
1565,19
1566,129
1567,16
1568,19
1569,16
1570,133
1571,16
1572,41
1573,19
1574,16
1575,19
1576,16
1577,16
1578,19
1579,16
1580,16
1581,16
1582,16
1583,10
1584,19
1585,16
1586,19
1587,19
1588,19
1589,16
1590,16
1591,16
1592,16
1593,16
1594,16
1595,16
1596,19
1597,19
1598,19
1599,13
1600,16
1601,19
1602,16
1603,16
1604,19
1605,19
1606,16
1607,10
1608,16
1609,16
1610,16
1611,19
1612,16
1613,19
1614,16
1615,16
1616,16
1617,16
1618,16
1619,19
1620,19
1621,19
1622,16
1623,16
1624,16
1625,16
1626,16
1627,16
1628,16
1629,19
1630,19
1631,19
1632,19
1633,16
1634,16
1635,16
1636,10
1637,19
1638,16
1639,19
1640,19
1641,19
1642,19
1643,16
1644,133
1645,19
1646,133
1647,19
1648,19
1649,16
1650,16
1651,19
1652,133
1653,16
1654,19
1655,19
1656,16
1657,16
1658,19
1659,19
1660,19
1661,16
1662,16
1663,19
1664,19
1665,19
1666,16
1667,16
1668,129
1669,16
1670,19
1671,16
1672,19
1673,96
1674,16
1675,16
1676,16
1677,16
1678,16
1679,16
1680,19
1681,133
1682,16
1683,16
1684,19
1685,16
1686,16
1687,133
1688,16
1689,19
1690,16
1691,16
1692,19
1693,16
1694,19
1695,16
1696,16
1697,19
1698,16
1699,19
1700,16
1701,19
1702,19
1703,16
1704,16
1705,16
1706,16
1707,41
1708,16
1709,16
1710,16
1711,16
1712,16
1713,19
1714,16
1715,16
1716,19
1717,16
1718,16
1719,16
1720,16
1721,13
1722,16
1723,16
1724,41
1725,16
1726,19
1727,16
1728,13
1729,16
1730,133
1731,19
1732,19
1733,16
1734,10
1735,16
1736,19
1737,41
1738,16
1739,41
1740,19
1741,41
1742,41
1743,41
1744,41
1745,19
1746,16
1747,19
1748,16
1749,16
1750,19
1751,16
1752,16
1753,19
1754,16
1755,19
1756,16
1757,16
1758,41
1759,16
1760,19
1761,19
1762,19
1763,13
1764,16
1765,16
1766,16
1767,16
1768,16
1769,16
1770,41
1771,41
1772,13
1773,41
1774,96
1775,16
1776,133
1777,96
1778,16
1779,16
1780,16
1781,16
1782,16
1783,16
1784,13
1785,41
1786,19
1787,16
1788,16
1789,19
1790,10
1791,19
1792,133
1793,16
1794,13
1795,16
1796,16
1797,19
1798,19
1799,16
1800,133
1801,19
1802,19
1803,16
1804,16
1805,19
1806,16
1807,96
1808,41
1809,19
1810,16
1811,16
1812,16
1813,16
1814,13
1815,16
1816,16
1817,16
1818,43
1819,19
1820,96
1821,19
1822,16
1823,16
1824,16
1825,19
1826,16
1827,16
1828,16
1829,19
1830,16
1831,16
1832,16
1833,16
1834,19
1835,10
1836,16
1837,16
1838,19
1839,16
1840,19
1841,96
1842,16
1843,16
1844,16
1845,96
1846,16
1847,16
1848,19
1849,16
1850,19
1851,16
1852,16
1853,13
1854,16
1855,19
1856,13
1857,19
1858,19
1859,19
1860,19
1861,16
1862,16
1863,19
1864,19
1865,16
1866,19
1867,16
1868,19
1869,19
1870,16
1871,16
1872,16
1873,19
1874,96
1875,16
1876,16
1877,10
1878,19
1879,16
1880,10
1881,16
1882,16
1883,16
1884,16
1885,16
1886,19
1887,16
1888,19
1889,16
1890,19
1891,16
1892,19
1893,133
1894,16
1895,16
1896,19
1897,16
1898,16
1899,133
1900,19
1901,16
1902,16
1903,16
1904,16
1905,19
1906,16
1907,10
1908,16
1909,16
1910,19
1911,19
1912,16
1913,16
1914,19
1915,16
1916,16
1917,16
1918,16
1919,19
1920,16
1921,16
1922,16
1923,16
1924,16
1925,19
1926,16
1927,19
1928,16
1929,16
1930,19
1931,16
1932,19
1933,19
1934,16
1935,19
1936,19
1937,19
1938,19
1939,16
1940,16
1941,16
1942,16
1943,16
1944,16
1945,16
1946,19
1947,16
1948,16
1949,16
1950,16
1951,16
1952,16
1953,16
1954,16
1955,19
1956,19
1957,96
1958,16
1959,16
1960,16
1961,19
1962,16
1963,16
1964,16
1965,16
1966,16
1967,16
1968,16
1969,96
1970,96
1971,16
1972,41
1973,16
1974,16
1975,16
1976,19
1977,16
1978,19
1979,19
1980,19
1981,16
1982,16
1983,41
1984,19
1985,19
1986,16
1987,16
1988,16
1989,41
1990,19
1991,16
1992,96
1993,16
1994,129
1995,16
1996,16
1997,13
1998,19
1999,16
2000,16
2001,133
2002,96
2003,16
2004,16
2005,13
2006,16
2007,19
2008,19
2009,16
2010,19
2011,19
2012,19
2013,16
2014,13
2015,19
2016,19
2017,19
2018,16
2019,16
2020,16
2021,19
2022,16
2023,16
2024,16
2025,16
2026,19
2027,16
2028,19
2029,16
2030,16
2031,16
2032,16
2033,19
2034,41
2035,16
2036,16
2037,16
2038,16
2039,16
2040,19
2041,16
2042,16
2043,16
2044,16
2045,16
2046,16
2047,16
2048,41
2049,16
2050,19
2051,19
2052,19
2053,16
2054,16
2055,13
2056,16
2057,19
2058,133
2059,96
2060,10
2061,19
2062,16
2063,16
2064,16
2065,16
2066,16
2067,16
2068,16
2069,96
2070,16
2071,16
2072,16
2073,16
2074,96
2075,16
2076,16
2077,16
2078,19
2079,16
2080,16
2081,16
2082,16
2083,19
2084,16
2085,16
2086,16
2087,19
2088,19
2089,16
2090,16
2091,16
2092,19
2093,16
2094,16
2095,96
2096,16
2097,19
2098,19
2099,16
2100,13
2101,16
2102,19
2103,16
2104,96
2105,19
2106,16
2107,16
2108,16
2109,16
2110,16
2111,10
2112,16
2113,16
2114,16
2115,16
2116,16
2117,16
2118,16
2119,16
2120,16
2121,19
2122,16
2123,19
2124,10
2125,16
2126,16
2127,16
2128,16
2129,19
2130,16
2131,133
2132,16
2133,19
2134,96
2135,16
2136,16
2137,16
2138,16
2139,19
2140,16
2141,16
2142,10
2143,16
2144,16
2145,16
2146,19
2147,19
2148,16
2149,129
2150,16
2151,19
2152,19
2153,19
2154,16
2155,19
2156,19
2157,19
2158,19
2159,19
2160,19
2161,16
2162,13
2163,19
2164,16
2165,16
2166,16
2167,19
2168,19
2169,16
2170,19
2171,19
2172,13
2173,96
2174,19
2175,19
2176,19
2177,16
2178,16
2179,19
2180,19
2181,19
2182,19
2183,19
2184,16
2185,16
2186,19
2187,16
2188,16
2189,16
2190,133
2191,19
2192,19
2193,16
2194,16
2195,19
2196,19
2197,19
2198,19
2199,16
2200,19
2201,16
2202,19
2203,19
2204,16
2205,16
2206,16
2207,19
2208,16
2209,16
2210,19
2211,19
2212,19
2213,16
2214,16
2215,16
2216,16
2217,16
2218,16
2219,16
2220,19
2221,19
2222,16
2223,19
2224,19
2225,16
2226,16
2227,16
2228,16
2229,16
2230,19
2231,19
2232,16
2233,16
2234,16
2235,16
2236,16
2237,19
2238,19
2239,16
2240,16
2241,16
2242,19
2243,16
2244,16
2245,19
2246,19
2247,16
2248,19
2249,16
2250,16
2251,16
2252,19
2253,16
2254,16
2255,19
2256,19
2257,16
2258,16
2259,19
2260,96
2261,19
2262,19
2263,16
2264,16
2265,16
2266,19
2267,19
2268,16
2269,41
2270,16
2271,16
2272,16
2273,19
2274,19
2275,19
2276,19
2277,19
2278,10
2279,16
2280,16
2281,19
2282,16
2283,16
2284,19
2285,19
2286,19
2287,16
2288,16
2289,19
2290,96
2291,16
2292,19
2293,16
2294,19
2295,10
2296,41
2297,16
2298,10
2299,16
2300,16
2301,19
2302,16
2303,19
2304,19
2305,19
2306,16
2307,16
2308,16
2309,13
2310,16
2311,96
2312,16
2313,96
2314,133
2315,19
2316,19
2317,16
2318,16
2319,19
2320,19
2321,19
2322,16
2323,16
2324,19
2325,16
2326,16
2327,13
2328,19
2329,19
2330,16
2331,10
2332,19
2333,19
2334,16
2335,16
2336,96
2337,16
2338,16
2339,16
2340,19
2341,16
2342,16
2343,19
2344,16
2345,16
2346,19
2347,16
2348,19
2349,41
2350,19
2351,19
2352,96
2353,16
2354,19
2355,16
2356,19
2357,16
2358,19
2359,10
2360,16
2361,19
2362,19
2363,19
2364,19
2365,16
2366,19
2367,19
2368,19
2369,41
2370,19
2371,19
2372,16
2373,16
2374,19
2375,16
2376,16
2377,16
2378,133
2379,16
2380,19
2381,19
2382,16
2383,16
2384,129
2385,19
2386,16
2387,16
2388,19
2389,16
2390,16
2391,19
2392,13
2393,19
2394,19
2395,19
2396,16
2397,16
2398,16
2399,16
2400,19
2401,16
2402,19
2403,13
2404,16
2405,13
2406,16
2407,16
2408,19
2409,16
2410,16
2411,16
2412,19
2413,19
2414,16
2415,16
2416,16
2417,16
2418,10
2419,96
2420,13
2421,19
2422,16
2423,16
2424,41
2425,16
2426,19
2427,96
2428,16
2429,19
2430,96
2431,16
2432,16
2433,19
2434,16
2435,23
2436,16
2437,16
2438,16
2439,16
2440,19
2441,19
2442,16
2443,19
2444,16
2445,16
2446,19
2447,16
2448,19
2449,19
2450,16
2451,16
2452,16
2453,19
2454,16
2455,16
2456,16
2457,16
2458,19
2459,19
2460,19
2461,16
2462,16
2463,19
2464,16
2465,16
2466,16
2467,16
2468,23
2469,19
2470,16
2471,16
2472,16
2473,16
2474,16
2475,16
2476,16
2477,16
2478,19
2479,19
2480,19
2481,16
2482,19
2483,16
2484,16
2485,16
2486,16
2487,133
2488,16
2489,16
2490,16
2491,16
2492,16
2493,16
2494,19
2495,16
2496,13
2497,16
2498,19
2499,13
2500,19
2501,16
2502,16
2503,16
2504,16
2505,16
2506,16
2507,19
2508,16
2509,13
2510,16
2511,16
2512,16
2513,16
2514,16
2515,19
2516,16
2517,16
2518,19
2519,129
2520,16
2521,16
2522,16
2523,16
2524,16
2525,13
2526,16
2527,16
2528,16
2529,16
2530,96
2531,16
2532,16
2533,16
2534,133
2535,16
2536,19
2537,16
2538,96
2539,16
2540,19
2541,16
2542,16
2543,16
2544,16
2545,23
2546,16
2547,19
2548,16
2549,16
2550,16
2551,16
2552,16
2553,16
2554,133
2555,19
2556,16
2557,96
2558,16
2559,16
2560,19
2561,16
2562,19
2563,19
2564,16
2565,13
2566,16
2567,133
2568,16
2569,16
2570,16
2571,16
2572,16
2573,19
2574,19
2575,19
2576,19
2577,41
2578,133
2579,16
2580,16
2581,16
2582,19
2583,19
2584,16
2585,19
2586,133
2587,19
2588,19
2589,19
2590,16
2591,41
2592,16
2593,19
2594,19
2595,19
2596,96
2597,16
2598,23
2599,16
2600,16
2601,16
2602,16
2603,16
2604,16
2605,19
2606,19
2607,16
2608,23
2609,43
2610,16
2611,16
2612,16
2613,16
2614,16
2615,16
2616,19
2617,16
2618,16
2619,96
2620,16
2621,41
2622,16
2623,13
2624,19
2625,16
2626,16
2627,16
2628,16
2629,16
2630,16
2631,16
2632,16
2633,16
2634,16
2635,16
2636,16
2637,13
2638,96
2639,96
2640,16
2641,41
2642,13
2643,133
2644,16
2645,19
2646,16
2647,16
2648,13
2649,96
2650,16
2651,16
2652,96
2653,96
2654,16
2655,19
2656,96
2657,19
2658,19
2659,19
2660,16
2661,16
2662,16
2663,96
2664,16
2665,16
2666,96
2667,16
2668,16
2669,16
2670,16
2671,16
2672,19
2673,16
2674,19
2675,16
2676,13
2677,16
2678,16
2679,16
2680,16
2681,16
2682,16
2683,13
2684,16
2685,16
2686,19
2687,16
2688,16
2689,23
2690,16
2691,19
2692,16
2693,16
2694,16
2695,19
2696,16
2697,19
2698,16
2699,13
2700,96
2701,19
2702,16
2703,16
2704,16
2705,19
2706,96
2707,19
2708,16
2709,41
2710,41
2711,19
2712,16
2713,16
2714,16
2715,41
2716,19
2717,16
2718,16
2719,16
2720,16
2721,19
2722,16
2723,96
2724,13
2725,19
2726,16
2727,96
2728,19
2729,133
2730,16
2731,16
2732,19
2733,16
2734,16
2735,16
2736,16
2737,16
2738,16
2739,16
2740,23
2741,16
2742,16
2743,16
2744,16
2745,16
2746,96
2747,16
2748,133
2749,16
2750,16
2751,16
2752,19
2753,19
2754,16
2755,16
2756,16
2757,19
2758,16
2759,19
2760,16
2761,16
2762,13
2763,16
2764,16
2765,16
2766,19
2767,16
2768,19
2769,16
2770,41
2771,19
2772,19
2773,16
2774,19
2775,16
2776,16
2777,16
2778,16
2779,16
2780,16
2781,16
2782,16
2783,16
2784,16
2785,16
2786,16
2787,19
2788,16
2789,19
2790,16
2791,19
2792,13
2793,19
2794,16
2795,16
2796,16
2797,16
2798,16
2799,19
2800,16
2801,16
2802,16
2803,23
2804,41
2805,19
2806,16
2807,16
2808,16
2809,41
2810,19
2811,16
2812,19
2813,16
2814,19
2815,16
2816,19
2817,19
2818,16
2819,19
2820,13
2821,16
2822,16
2823,16
2824,16
2825,16
2826,16
2827,16
2828,16
2829,16
2830,16
2831,16
2832,19
2833,16
2834,10
2835,16
2836,19
2837,16
2838,16
2839,133
2840,16
2841,16
2842,16
2843,16
2844,16
2845,16
2846,19
2847,16
2848,16
2849,16
2850,16
2851,16
2852,16
2853,16
2854,19
2855,96
2856,19
2857,16
2858,16
2859,19
2860,16
2861,16
2862,19
2863,19
2864,96
2865,16
2866,19
2867,16
2868,16
2869,16
2870,16
2871,16
2872,19
2873,16
2874,16
2875,16
2876,16
2877,16
2878,16
2879,16
2880,16
2881,19
2882,16
2883,19
2884,16
2885,19
2886,16
2887,19
2888,41
2889,16
2890,16
2891,129
2892,16
2893,19
2894,16
2895,13
2896,19
2897,16
2898,16
2899,19
2900,16
2901,96
2902,16
2903,16
2904,16
2905,16
2906,19
2907,16
2908,19
2909,19
2910,16
2911,16
2912,19
2913,16
2914,16
2915,16
2916,16
2917,16
2918,16
2919,19
2920,13
2921,19
2922,16
2923,16
2924,16
2925,16
2926,16
2927,13
2928,16
2929,16
2930,19
2931,41
2932,16
2933,19
2934,16
2935,13
2936,16
2937,41
2938,16
2939,19
2940,96
2941,16
2942,16
2943,16
2944,16
2945,19
2946,16
2947,16
2948,16
2949,16
2950,16
2951,16
2952,133
2953,16
2954,13
2955,19
2956,41
2957,16
2958,16
2959,19
2960,13
2961,16
2962,16
2963,96
2964,16
2965,16
2966,16
2967,19
2968,13
2969,16
2970,96
2971,16
2972,16
2973,13
2974,16
2975,13
2976,16
2977,16
2978,16
2979,19
2980,19
2981,19
2982,16
2983,16
2984,16
2985,19
2986,16
2987,16
2988,16
2989,96
2990,16
2991,16
2992,16
2993,41
2994,16
2995,16
2996,19
2997,19
2998,19
2999,19
3000,16
3001,16
3002,16
3003,16
3004,16
3005,19
3006,16
3007,19
3008,16
3009,19
3010,16
3011,16
3012,19
3013,19
3014,16
3015,41
3016,19
3017,19
3018,16
3019,16
3020,16
3021,16
3022,19
3023,16
3024,16
3025,16
3026,13
3027,16
3028,16
3029,19
3030,16
3031,16
3032,16
3033,19
3034,19
3035,16
3036,16
3037,16
3038,13
3039,13
3040,16
3041,13
3042,129
3043,16
3044,41
3045,16
3046,16
3047,16
3048,16
3049,16
3050,16
3051,19
3052,16
3053,16
3054,16
3055,16
3056,19
3057,16
3058,16
3059,16
3060,19
3061,41
3062,16
3063,16
3064,16
3065,16
3066,19
3067,16
3068,16
3069,16
3070,16
3071,16
3072,19
3073,16
3074,19
3075,41
3076,16
3077,16
3078,10
3079,19
3080,19
3081,16
3082,19
3083,10
3084,13
3085,16
3086,13
3087,41
3088,16
3089,16
3090,19
3091,13
3092,13
3093,16
3094,16
3095,19
3096,16
3097,16
3098,16
3099,16
3100,16
3101,13
3102,16
3103,16
3104,16
3105,19
3106,16
3107,19
3108,41
3109,16
3110,16
3111,16
3112,19
3113,19
3114,19
3115,16
3116,16
3117,13
3118,16
3119,13
3120,16
3121,19
3122,16
3123,16
3124,16
3125,43
3126,16
3127,41
3128,16
3129,16
3130,19
3131,19
3132,16
3133,16
3134,16
3135,16
3136,16
3137,96
3138,133
3139,16
3140,16
3141,16
3142,19
3143,16
3144,19
3145,16
3146,96
3147,16
3148,16
3149,19
3150,13
3151,13
3152,19
3153,16
3154,16
3155,13
3156,16
3157,16
3158,16
3159,19
3160,16
3161,16
3162,133
3163,16
3164,19
3165,16
3166,41
3167,19
3168,16
3169,16
3170,16
3171,16
3172,16
3173,19
3174,16
3175,16
3176,16
3177,16
3178,16
3179,13
3180,19
3181,16
3182,16
3183,13
3184,16
3185,16
3186,129
3187,19
3188,19
3189,16
3190,16
3191,13
3192,16
3193,16
3194,41
3195,16
3196,16
3197,16
3198,16
3199,19
3200,96
3201,96
3202,19
3203,16
3204,19
3205,16
3206,16
3207,41
3208,16
3209,19
3210,16
3211,19
3212,16
3213,16
3214,19
3215,16
3216,13
3217,13
3218,19
3219,41
3220,16
3221,16
3222,19
3223,13
3224,19
3225,16
3226,16
3227,16
3228,19
3229,13
3230,16
3231,16
3232,13
3233,19
3234,19
3235,16
3236,16
3237,16
3238,19
3239,19
3240,16
3241,13
3242,16
3243,19
3244,16
3245,16
3246,16
3247,16
3248,19
3249,16
3250,16
3251,13
3252,16
3253,16
3254,16
3255,16
3256,133
3257,19
3258,19
3259,19
3260,16
3261,19
3262,16
3263,19
3264,16
3265,16
3266,19
3267,16
3268,19
3269,19
3270,19
3271,19
3272,19
3273,16
3274,16
3275,19
3276,19
3277,19
3278,133
3279,41
3280,13
3281,16
3282,16
3283,16
3284,16
3285,16
3286,16
3287,16
3288,16
3289,16
3290,16
3291,19
3292,16
3293,19
3294,19
3295,19
3296,16
3297,16
3298,16
3299,19
3300,19
3301,19
3302,16
3303,16
3304,16
3305,16
3306,16
3307,16
3308,16
3309,16
3310,19
3311,13
3312,19
3313,16
3314,19
3315,19
3316,19
3317,16
3318,16
3319,19
3320,19
3321,41
3322,19
3323,16
3324,96
3325,96
3326,16
3327,16
3328,16
3329,16
3330,133
3331,16
3332,13
3333,16
3334,16
3335,16
3336,13
3337,16
3338,16
3339,13
3340,16
3341,16
3342,19
3343,133
3344,41
3345,16
3346,16
3347,16
3348,41
3349,16
3350,41
3351,13
3352,16
3353,19
3354,96
3355,16
3356,133
3357,19
3358,16
3359,19
3360,16
3361,16
3362,16
3363,16
3364,19
3365,16
3366,41
3367,96
3368,16
3369,19
3370,16
3371,16
3372,16
3373,16
3374,19
3375,16
3376,16
3377,16
3378,19
3379,16
3380,16
3381,16
3382,16
3383,16
3384,19
3385,16
3386,16
3387,19
3388,96
3389,16
3390,16
3391,19
3392,16
3393,13
3394,16
3395,16
3396,19
3397,13
3398,16
3399,16
3400,16
3401,19
3402,16
3403,16
3404,19
3405,19
3406,19
3407,41
3408,16
3409,19
3410,19
3411,16
3412,19
3413,16
3414,16
3415,16
3416,16
3417,16
3418,16
3419,16
3420,19
3421,19
3422,96
3423,19
3424,19
3425,16
3426,41
3427,16
3428,16
3429,16
3430,19
3431,16
3432,19
3433,16
3434,16
3435,19
3436,19
3437,16
3438,16
3439,41
3440,19
3441,41
3442,16
3443,19
3444,16
3445,16
3446,16
3447,16
3448,16
3449,96
3450,19
3451,16
3452,16
3453,19
3454,96
3455,19
3456,41
3457,16
3458,16
3459,16
3460,19
3461,16
3462,16
3463,16
3464,16
3465,16
3466,19
3467,16
3468,16
3469,16
3470,16
3471,19
3472,19
3473,19
3474,16
3475,19
3476,13
3477,19
3478,19
3479,16
3480,19
3481,16
3482,96
3483,96
3484,16
3485,16
3486,16
3487,16
3488,16
3489,16
3490,16
3491,16
3492,16
3493,13
3494,19
3495,19
3496,13
3497,96
3498,16
3499,16
3500,19
3501,16
3502,16
3503,16
3504,96
3505,16
3506,19
3507,19
3508,16
3509,133
3510,16
3511,19
3512,16
3513,96
3514,16
3515,16
3516,16
3517,19
3518,16
3519,19
3520,16
3521,19
3522,19
3523,16
3524,16
3525,13
3526,16
3527,16
3528,19
3529,16
3530,16
3531,16
3532,16
3533,16
3534,16
3535,41
3536,16
3537,19
3538,16
3539,19
3540,16
3541,16
3542,16
3543,16
3544,19
3545,133
3546,19
3547,13
3548,16
3549,19
3550,16
3551,16
3552,16
3553,16
3554,16
3555,16
3556,19
3557,16
3558,19
3559,133
3560,16
3561,16
3562,16
3563,16
3564,16
3565,96
3566,19
3567,16
3568,16
3569,96
3570,16
3571,16
3572,13
3573,16
3574,96
3575,16
3576,16
3577,16
3578,16
3579,19
3580,96
3581,16
3582,19
3583,16
3584,19
3585,19
3586,16
3587,16
3588,13
3589,19
3590,16
3591,16
3592,19
3593,16
3594,16
3595,19
3596,19
3597,16
3598,16
3599,16
3600,16
3601,19
3602,19
3603,41
3604,19
3605,16
3606,16
3607,19
3608,19
3609,41
3610,13
3611,19
3612,96
3613,96
3614,13
3615,41
3616,16
3617,19
3618,19
3619,13
3620,16
3621,19
3622,41
3623,43
3624,16
3625,16
3626,16
3627,19
3628,19
3629,16
3630,13
3631,19
3632,19
3633,16
3634,41
3635,16
3636,16
3637,19
3638,19
3639,19
3640,16
3641,16
3642,19
3643,16
3644,16
3645,16
3646,19
3647,19
3648,19
3649,16
3650,41
3651,19
3652,19
3653,16
3654,16
3655,19
3656,19
3657,16
3658,16
3659,19
3660,16
3661,16
3662,13
3663,16
3664,16
3665,19
3666,16
3667,16
3668,16
3669,16
3670,19
3671,41
3672,16
3673,16
3674,16
3675,41
3676,16
3677,19
3678,16
3679,16
3680,16
3681,16
3682,13
3683,16
3684,16
3685,16
3686,16
3687,16
3688,13
3689,16
3690,16
3691,16
3692,13
3693,19
3694,16
3695,19
3696,13
3697,41
3698,19
3699,13
3700,16
3701,16
3702,41
3703,13
3704,16
3705,13
3706,19
3707,19
3708,19
3709,96
3710,19
3711,19
3712,41
3713,16
3714,16
3715,13
3716,16
3717,16
3718,16
3719,16
3720,16
3721,16
3722,16
3723,16
3724,19
3725,19
3726,13
3727,96
3728,13
3729,19
3730,16
3731,16
3732,16
3733,16
3734,16
3735,16
3736,16
3737,19
3738,19
3739,13
3740,16
3741,16
3742,19
3743,96
3744,16
3745,16
3746,16
3747,16
3748,16
3749,16
3750,16
3751,41
3752,16
3753,16
3754,16
3755,16
3756,19
3757,16
3758,19
3759,16
3760,13
3761,16
3762,13
3763,16
3764,13
3765,16
3766,16
3767,19
3768,19
3769,16
3770,19
3771,96
3772,16
3773,16
3774,19
3775,16
3776,16
3777,16
3778,16
3779,16
3780,13
3781,16
3782,16
3783,96
3784,16
3785,41
3786,16
3787,96
3788,16
3789,16
3790,16
3791,13
3792,41
3793,16
3794,96
3795,19
3796,19
3797,13
3798,19
3799,19
3800,19
3801,41
3802,41
3803,16
3804,96
3805,16
3806,19
3807,16
3808,16
3809,16
3810,16
3811,19
3812,16
3813,16
3814,16
3815,16
3816,16
3817,96
3818,16
3819,16
3820,16
3821,96
3822,16
3823,16
3824,16
3825,16
3826,19
3827,19
3828,19
3829,19
3830,16
3831,19
3832,19
3833,16
3834,16
3835,19
3836,19
3837,16
3838,16
3839,19
3840,16
3841,19
3842,16
3843,41
3844,16
3845,16
3846,16
3847,16
3848,16
3849,16
3850,16
3851,16
3852,16
3853,16
3854,16
3855,19
3856,19
3857,16
3858,16
3859,19
3860,13
3861,16
3862,16
3863,96
3864,16
3865,16
3866,16
3867,19
3868,16
3869,16
3870,96
3871,16
3872,16
3873,19
3874,16
3875,41
3876,19
3877,16
3878,19
3879,19
3880,16
3881,96
3882,19
3883,16
3884,19
3885,13
3886,16
3887,19
3888,96
3889,19
3890,16
3891,16
3892,16
3893,19
3894,16
3895,19
3896,19
3897,16
3898,16
3899,16
3900,19
3901,16
3902,19
3903,13
3904,16
3905,16
3906,19
3907,16
3908,16
3909,19
3910,16
3911,19
3912,19
3913,16
3914,16
3915,19
3916,16
3917,41
3918,19
3919,19
3920,16
3921,16
3922,16
3923,19
3924,16
3925,16
3926,19
3927,19
3928,19
3929,16
3930,16
3931,16
3932,19
3933,16
3934,16
3935,16
3936,19
3937,16
3938,16
3939,16
3940,19
3941,19
3942,19
3943,16
3944,16
3945,19
3946,16
3947,19
3948,16
3949,16
3950,96
3951,16
3952,16
3953,13
3954,13
3955,19
3956,16
3957,16
3958,16
3959,19
3960,16
3961,16
3962,96
3963,16
3964,13
3965,16
3966,19
3967,16
3968,19
3969,19
3970,19
3971,96
3972,16
3973,16
3974,16
3975,41
3976,16
3977,41
3978,16
3979,19
3980,19
3981,16
3982,96
3983,96
3984,16
3985,16
3986,16
3987,16
3988,19
3989,16
3990,19
3991,16
3992,16
3993,19
3994,16
3995,19
3996,16
3997,19
3998,41
3999,16
4000,16
4001,16
4002,19
4003,16
4004,16
4005,16
4006,19
4007,16
4008,19
4009,16
4010,16
4011,19
4012,16
4013,16
4014,16
4015,41
4016,19
4017,16
4018,16
4019,16
4020,19
4021,19
4022,16
4023,16
4024,19
4025,16
4026,96
4027,16
4028,16
4029,16
4030,16
4031,19
4032,19
4033,16
4034,19
4035,16
4036,16
4037,19
4038,16
4039,19
4040,96
4041,16
4042,96
4043,16
4044,16
4045,19
4046,16
4047,41
4048,19
4049,16
4050,19
4051,96
4052,19
4053,19
4054,16
4055,16
4056,16
4057,19
4058,16
4059,16
4060,16
4061,96
4062,16
4063,16
4064,41
4065,19
4066,16
4067,19
4068,16
4069,19
4070,19
4071,16
4072,16
4073,19
4074,19
4075,19
4076,16
4077,19
4078,19
4079,19
4080,16
4081,16
4082,16
4083,16
4084,19
4085,19
4086,96
4087,19
4088,16
4089,19
4090,16
4091,16
4092,16
4093,19
4094,19
4095,16
4096,19
4097,19
4098,16
4099,16
4100,13
4101,19
4102,19
4103,16
4104,19
4105,16
4106,16
4107,16
4108,19
4109,16
4110,19
4111,19
4112,19
4113,19
4114,16
4115,16
4116,16
4117,16
4118,16
4119,19
4120,19
4121,19
4122,16
4123,16
4124,19
4125,19
4126,16
4127,16
4128,19
4129,19
4130,16
4131,19
4132,19
4133,16
4134,19
4135,19
4136,19
4137,19
4138,16
4139,16
4140,16
4141,96
4142,19
4143,16
4144,16
4145,19
4146,96
4147,16
4148,16
4149,16
4150,96
4151,16
4152,16
4153,13
4154,19
4155,16
4156,16
4157,16
4158,19
4159,96
4160,96
4161,13
4162,19
4163,19
4164,16
4165,19
4166,16
4167,19
4168,16
4169,13
4170,19
4171,19
4172,16
4173,16
4174,13
4175,19
4176,19
4177,19
4178,16
4179,16
4180,19
4181,19
4182,19
4183,19
4184,16
4185,19
4186,96
4187,16
4188,16
4189,16
4190,13
4191,16
4192,16
4193,16
4194,16
4195,96
4196,19
4197,16
4198,16
4199,16
4200,16
4201,16
4202,16
4203,16
4204,19
4205,19
4206,16
4207,16
4208,16
4209,16
4210,16
4211,16
4212,16
4213,16
4214,16
4215,16
4216,19
4217,19
4218,19
4219,133
4220,16
4221,19
4222,16
4223,19
4224,16
4225,16
4226,19
4227,16
4228,19
4229,19
4230,19
4231,19
4232,16
4233,19
4234,41
4235,16
4236,16
4237,16
4238,19
4239,19
4240,16
4241,19
4242,19
4243,19
4244,19
4245,19
4246,16
4247,133
4248,16
4249,16
4250,19
4251,16
4252,19
4253,16
4254,16
4255,19
4256,96
4257,10
4258,19
4259,16
4260,16
4261,16
4262,19
4263,19
4264,16
4265,16
4266,19
4267,16
4268,19
4269,19
4270,16
4271,16
4272,19
4273,19
4274,16
4275,10
4276,16
4277,19
4278,16
4279,16
4280,16
4281,16
4282,19
4283,19
4284,16
4285,13
4286,19
4287,19
4288,16
4289,16
4290,19
4291,19
4292,19
4293,19
4294,19
4295,16
4296,19
4297,13
4298,16
4299,19
4300,16
4301,19
4302,19
4303,19
4304,16
4305,19
4306,19
4307,16
4308,19
4309,133
4310,19
4311,19
4312,16
4313,19
4314,16
4315,16
4316,19
4317,16
4318,16
4319,16
4320,19
4321,19
4322,13
4323,16
4324,19
4325,19
4326,19
4327,19
4328,16
4329,19
4330,16
4331,19
4332,16
4333,16
4334,16
4335,19
4336,16
4337,19
4338,13
4339,19
4340,19
4341,19
4342,16
4343,16
4344,16
4345,96
4346,41
4347,16
4348,16
4349,16
4350,16
4351,16
4352,16
4353,10
4354,19
4355,16
4356,16
4357,96
4358,19
4359,13
4360,16
4361,16
4362,16
4363,16
4364,19
4365,19
4366,16
4367,41
4368,16
4369,16
4370,16
4371,19
4372,16
4373,16
4374,16
4375,19
4376,41
4377,19
4378,19
4379,41
4380,133
4381,16
4382,41
4383,16
4384,19
4385,13
4386,16
4387,19
4388,19
4389,19
4390,133
4391,16
4392,13
4393,13
4394,16
4395,16
4396,16
4397,16
4398,16
4399,19
4400,16
4401,19
4402,16
4403,19
4404,19
4405,16
4406,16
4407,16
4408,16
4409,16
4410,19
4411,16
4412,16
4413,19
4414,16
4415,16
4416,19
4417,19
4418,13
4419,96
4420,16
4421,16
4422,19
4423,16
4424,16
4425,19
4426,16
4427,16
4428,16
4429,16
4430,16
4431,16
4432,16
4433,16
4434,19
4435,96
4436,16
4437,16
4438,16
4439,16
4440,16
4441,16
4442,16
4443,16
4444,16
4445,16
4446,19
4447,16
4448,19
4449,19
4450,19
4451,19
4452,19
4453,19
4454,19
4455,19
4456,16
4457,16
4458,16
4459,19
4460,19
4461,16
4462,13
4463,96
4464,19
4465,16
4466,96
4467,19
4468,16
4469,16
4470,19
4471,16
4472,19
4473,16
4474,16
4475,16
4476,16
4477,19
4478,16
4479,16
4480,19
4481,19
4482,13
4483,16
4484,13
4485,16
4486,96
4487,16
4488,19
4489,19
4490,19
4491,19
4492,16
4493,16
4494,16
4495,19
4496,16
4497,16
4498,19
4499,16
4500,16
4501,16
4502,19
4503,16
4504,19
4505,16
4506,16
4507,16
4508,16
4509,16
4510,16
4511,96
4512,16
4513,16
4514,16
4515,16
4516,19
4517,16
4518,16
4519,16
4520,16
4521,16
4522,19
4523,16
4524,19
4525,16
4526,16
4527,16
4528,16
4529,16
4530,16
4531,13
4532,16
4533,133
4534,133
4535,16
4536,96
4537,16
4538,16
4539,16
4540,16
4541,16
4542,16
4543,16
4544,16
4545,19
4546,16
4547,16
4548,19
4549,16
4550,16
4551,16
4552,16
4553,16
4554,16
4555,16
4556,19
4557,19
4558,16
4559,96
4560,16
4561,16
4562,133
4563,19
4564,19
4565,16
4566,10
4567,16
4568,19
4569,16
4570,13
4571,16
4572,16
4573,16
4574,16
4575,13
4576,16
4577,96
4578,41
4579,16
4580,16
4581,16
4582,16
4583,19
4584,19
4585,16
4586,19
4587,13
4588,96
4589,16
4590,16
4591,16
4592,41
4593,13
4594,16
4595,133
4596,16
4597,16
4598,16
4599,19
4600,16
4601,19
4602,19
4603,19
4604,16
4605,19
4606,16
4607,16
4608,96
4609,96
4610,16
4611,16
4612,16
4613,16
4614,16
4615,16
4616,19
4617,16
4618,16
4619,19
4620,16
4621,19
4622,19
4623,16
4624,133
4625,19
4626,16
4627,16
4628,19
4629,19
4630,16
4631,19
4632,16
4633,16
4634,16
4635,16
4636,19
4637,16
4638,16
4639,16
4640,19
4641,16
4642,16
4643,16
4644,16
4645,19
4646,16
4647,13
4648,16
4649,16
4650,16
4651,16
4652,96
4653,19
4654,13
4655,16
4656,16
4657,133
4658,16
4659,19
4660,96
4661,19
4662,133
4663,16
4664,19
4665,19
4666,41
4667,19
4668,16
4669,16
4670,16
4671,16
4672,16
4673,19
4674,13
4675,19
4676,16
4677,19
4678,16
4679,13
4680,16
4681,19
4682,19
4683,16
4684,16
4685,19
4686,16
4687,16
4688,133
4689,96
4690,16
4691,16
4692,19
4693,16
4694,16
4695,16
4696,133
4697,41
4698,41
4699,19
4700,133
4701,16
4702,13
4703,19
4704,16
4705,16
4706,16
4707,16
4708,96
4709,16
4710,96
4711,16
4712,16
4713,16
4714,16
4715,16
4716,16
4717,133
4718,16
4719,19
4720,19
4721,133
4722,133
4723,16
4724,96
4725,41
4726,16
4727,16
4728,19
4729,41
4730,16
4731,19
4732,96
4733,19
4734,96
4735,16
4736,16
4737,19
4738,16
4739,19
4740,19
4741,16
4742,16
4743,16
4744,16
4745,16
4746,41
4747,16
4748,19
4749,16
4750,16
4751,19
4752,19
4753,16
4754,13
4755,16
4756,16
4757,19
4758,16
4759,16
4760,19
4761,13
4762,16
4763,19
4764,19
4765,16
4766,16
4767,16
4768,16
4769,16
4770,96
4771,129
4772,96
4773,13
4774,10
4775,19
4776,16
4777,96
4778,96
4779,16
4780,16
4781,96
4782,16
4783,16
4784,19
4785,16
4786,16
4787,16
4788,16
4789,16
4790,96
4791,13
4792,41
4793,16
4794,16
4795,16
4796,96
4797,19
4798,96
4799,16
4800,16
4801,19
4802,16
4803,96
4804,19
4805,16
4806,16
4807,16
4808,10
4809,16
4810,10
4811,13
4812,16
4813,96
4814,16
4815,96
4816,13
4817,96
4818,19
4819,16
4820,16
4821,16
4822,41
4823,16
4824,96
4825,13
4826,133
4827,19
4828,19
4829,16
4830,16
4831,16
4832,16
4833,19
4834,19
4835,19
4836,19
4837,96
4838,16
4839,16
4840,16
4841,96
4842,16
4843,41
4844,16
4845,19
4846,16
4847,16
4848,19
4849,16
4850,16
4851,19
4852,19
4853,16
4854,19
4855,129
4856,16
4857,129
4858,16
4859,129
4860,19
4861,16
4862,16
4863,19
4864,96
4865,16
4866,16
4867,19
4868,16
4869,16
4870,19
4871,129
4872,13
4873,19
4874,96
4875,16
4876,129
4877,16
4878,16
4879,96
4880,16
4881,133
4882,16
4883,129
4884,16
4885,19
4886,19
4887,16
4888,16
4889,19
4890,16
4891,41
4892,16
4893,16
4894,19
4895,19
4896,16
4897,16
4898,19
4899,16
4900,16
4901,19
4902,16
4903,16
4904,16
4905,16
4906,16
4907,19
4908,16
4909,16
4910,16
4911,16
4912,16
4913,16
4914,96
4915,16
4916,16
4917,16
4918,16
4919,16
4920,19
4921,19
4922,16
4923,16
4924,16
4925,133
4926,19
4927,19
4928,16
4929,19
4930,19
4931,16
4932,16
4933,16
4934,16
4935,19
4936,16
4937,19
4938,19
4939,16
4940,19
4941,23
4942,133
4943,16
4944,23
4945,19
4946,16
4947,16
4948,16
4949,16
4950,16
4951,16
4952,19
4953,16
4954,19
4955,16
4956,16
4957,16
4958,19
4959,19
4960,16
4961,16
4962,16
4963,133
4964,16
4965,19
4966,19
4967,16
4968,16
4969,16
4970,16
4971,16
4972,16
4973,16
4974,16
4975,16
4976,16
4977,16
4978,19
4979,16
4980,96
4981,16
4982,16
4983,16
4984,133
4985,16
4986,133
4987,16
4988,16
4989,19
4990,16
4991,16
4992,16
4993,16
4994,16
4995,19
4996,16
4997,19
4998,133
4999,16
5000,19
5001,16
5002,16
5003,16
5004,16
5005,19
5006,19
5007,16
5008,16
5009,19
5010,19
5011,16
5012,16
5013,19
5014,19
5015,16
5016,16
5017,16
5018,16
5019,19
5020,19
5021,19
5022,96
5023,19
5024,16
5025,16
5026,129
5027,19
5028,19
5029,16
5030,16
5031,19
5032,16
5033,16
5034,96
5035,133
5036,16
5037,16
5038,16
5039,19
5040,16
5041,16
5042,19
5043,19
5044,16
5045,16
5046,16
5047,16
5048,19
5049,16
5050,16
5051,41
5052,16
5053,16
5054,23
5055,16
5056,19
5057,16
5058,16
5059,19
5060,16
5061,16
5062,19
5063,19
5064,16
5065,16
5066,19
5067,19
5068,19
5069,19
5070,16
5071,16
5072,16
5073,19
5074,16
5075,19
5076,16
5077,96
5078,16
5079,16
5080,19
5081,13
5082,16
5083,19
5084,16
5085,16
5086,41
5087,16
5088,16
5089,16
5090,19
5091,19
5092,19
5093,19
5094,19
5095,16
5096,96
5097,19
5098,19
5099,16
5100,41
5101,19
5102,16
5103,19
5104,19
5105,16
5106,41
5107,19
5108,16
5109,16
5110,19
5111,19
5112,16
5113,16
5114,13
5115,13
5116,16
5117,16
5118,19
5119,16
5120,16
5121,133
5122,19
5123,16
5124,19
5125,16
5126,16
5127,16
5128,96
5129,16
5130,19
5131,96
5132,96
5133,16
5134,16
5135,16
5136,16
5137,16
5138,16
5139,16
5140,41
5141,16
5142,16
5143,133
5144,16
5145,19
5146,19
5147,129
5148,16
5149,16
5150,16
5151,16
5152,19
5153,19
5154,16
5155,16
5156,16
5157,96
5158,133
5159,16
5160,19
5161,19
5162,16
5163,16
5164,16
5165,16
5166,16
5167,19
5168,16
5169,16
5170,19
5171,19
5172,16
5173,16
5174,16
5175,16
5176,19
5177,19
5178,19
5179,16
5180,16
5181,133
5182,19
5183,16
5184,96
5185,16
5186,19
5187,16
5188,16
5189,19
5190,19
5191,19
5192,96
5193,19
5194,16
5195,16
5196,16
5197,16
5198,41
5199,16
5200,19
5201,19
5202,16
5203,16
5204,19
5205,19
5206,19
5207,19
5208,16
5209,16
5210,16
5211,10
5212,16
5213,19
5214,16
5215,16
5216,16
5217,19
5218,96
5219,16
5220,16
5221,19
5222,19
5223,19
5224,16
5225,13
5226,96
5227,16
5228,13
5229,16
5230,16
5231,96
5232,19
5233,16
5234,16
5235,16
5236,16
5237,16
5238,96
5239,16
5240,16
5241,16
5242,16
5243,16
5244,16
5245,96
5246,19
5247,16
5248,19
5249,19
5250,19
5251,96
5252,16
5253,19
5254,16
5255,19
5256,19
5257,19
5258,16
5259,19
5260,16
5261,19
5262,16
5263,16
5264,16
5265,19
5266,16
5267,16
5268,16
5269,16
5270,16
5271,16
5272,16
5273,16
5274,19
5275,96
5276,13
5277,16
5278,19
5279,19
5280,16
5281,16
5282,16
5283,16
5284,19
5285,96
5286,16
5287,16
5288,96
5289,19
5290,16
5291,96
5292,16
5293,16
5294,16
5295,19
5296,16
5297,19
5298,19
5299,41
5300,96
5301,16
5302,16
5303,19
5304,16
5305,16
5306,16
5307,13
5308,96
5309,13
5310,19
5311,16
5312,16
5313,16
5314,16
5315,19
5316,19
5317,19
5318,16
5319,16
5320,19
5321,16
5322,133
5323,16
5324,16
5325,19
5326,16
5327,133
5328,19
5329,16
5330,19
5331,19
5332,16
5333,16
5334,19
5335,16
5336,16
5337,19
5338,16
5339,16
5340,16
5341,16
5342,19
5343,133
5344,16
5345,41
5346,19
5347,19
5348,19
5349,16
5350,96
5351,16
5352,16
5353,16
5354,19
5355,19
5356,16
5357,16
5358,19
5359,16
5360,16
5361,19
5362,41
5363,16
5364,13
5365,16
5366,16
5367,19
5368,16
5369,16
5370,16
5371,19
5372,16
5373,16
5374,16
5375,16
5376,16
5377,19
5378,96
5379,19
5380,16
5381,19
5382,19
5383,16
5384,133
5385,16
5386,16
5387,19
5388,19
5389,13
5390,16
5391,16
5392,19
5393,16
5394,16
5395,16
5396,19
5397,16
5398,16
5399,16
5400,19
5401,10
5402,16
5403,19
5404,19
5405,133
5406,16
5407,16
5408,16
5409,19
5410,16
5411,16
5412,16
5413,19
5414,19
5415,16
5416,16
5417,96
5418,19
5419,19
5420,96
5421,19
5422,16
5423,16
5424,96
5425,19
5426,16
5427,19
5428,96
5429,16
5430,13
5431,19
5432,16
5433,19
5434,19
5435,16
5436,16
5437,19
5438,19
5439,19
5440,16
5441,16
5442,19
5443,19
5444,96
5445,16
5446,16
5447,16
5448,16
5449,19
5450,16
5451,16
5452,16
5453,96
5454,19
5455,16
5456,19
5457,19
5458,16
5459,16
5460,16
5461,16
5462,19
5463,19
5464,19
5465,13
5466,16
5467,96
5468,16
5469,16
5470,19
5471,16
5472,16
5473,19
5474,19
5475,19
5476,129
5477,16
5478,19
5479,19
5480,19
5481,16
5482,19
5483,19
5484,16
5485,16
5486,16
5487,19
5488,19
5489,16
5490,19
5491,16
5492,16
5493,16
5494,96
5495,16
5496,19
5497,16
5498,16
5499,96
5500,19
5501,19
5502,19
5503,16
5504,19
5505,16
5506,16
5507,96
5508,16
5509,19
5510,19
5511,13
5512,16
5513,16
5514,19
5515,16
5516,16
5517,96
5518,16
5519,16
5520,16
5521,19
5522,16
5523,16
5524,16
5525,19
5526,16
5527,16
5528,19
5529,19
5530,19
5531,133
5532,16
5533,19
5534,19
5535,16
5536,133
5537,16
5538,16
5539,19
5540,16
5541,19
5542,16
5543,19
5544,19
5545,19
5546,133
5547,16
5548,19
5549,19
5550,19
5551,16
5552,96
5553,19
5554,16
5555,19
5556,16
5557,13
5558,96
5559,96
5560,19
5561,133
5562,16
5563,19
5564,96
5565,19
5566,16
5567,16
5568,133
5569,16
5570,16
5571,16
5572,16
5573,19
5574,19
5575,16
5576,96
5577,19
5578,19
5579,19
5580,19
5581,16
5582,19
5583,19
5584,19
5585,19
5586,16
5587,96
5588,16
5589,16
5590,16
5591,16
5592,13
5593,16
5594,16
5595,16
5596,19
5597,16
5598,96
5599,19
5600,19
5601,19
5602,16
5603,16
5604,16
5605,16
5606,19
5607,19
5608,16
5609,16
5610,19
5611,16
5612,16
5613,19
5614,19
5615,16
5616,96
5617,96
5618,16
5619,19
5620,19
5621,96
5622,19
5623,19
5624,19
5625,16
5626,19
5627,16
5628,96
5629,19
5630,19
5631,19
5632,13
5633,19
5634,96
5635,16
5636,19
5637,19
5638,16
5639,19
5640,16
5641,16
5642,19
5643,13
5644,16
5645,16
5646,19
5647,19
5648,19
5649,16
5650,16
5651,19
5652,19
5653,16
5654,16
5655,16
5656,13
5657,19
5658,16
5659,16
5660,13
5661,13
5662,16
5663,16
5664,19
5665,19
5666,19
5667,19
5668,19
5669,16
5670,19
5671,16
5672,16
5673,16
5674,19
5675,19
5676,16
5677,16
5678,96
5679,19
5680,19
5681,19
5682,16
5683,16
5684,19
5685,133
5686,19
5687,16
5688,16
5689,16
5690,19
5691,19
5692,19
5693,16
5694,19
5695,16
5696,16
5697,16
5698,133
5699,16
5700,16
5701,19
5702,16
5703,16
5704,16
5705,19
5706,19
5707,19
5708,19
5709,16
5710,16
5711,16
5712,19
5713,19
5714,16
5715,16
5716,19
5717,19
5718,96
5719,133
5720,19
5721,16
5722,16
5723,16
5724,16
5725,19
5726,16
5727,16
5728,16
5729,19
5730,16
5731,16
5732,16
5733,19
5734,13
5735,19
5736,16
5737,16
5738,16
5739,16
5740,16
5741,19
5742,16
5743,19
5744,133
5745,16
5746,16
5747,19
5748,16
5749,16
5750,19
5751,19
5752,19
5753,133
5754,16
5755,13
5756,13
5757,19
5758,19
5759,16
5760,16
5761,19
5762,133
5763,13
5764,96
5765,19
5766,19
5767,19
5768,96
5769,19
5770,16
5771,19
5772,16
5773,133
5774,96
5775,16
5776,19
5777,16
5778,19
5779,16
5780,19
5781,96
5782,16
5783,16
5784,16
5785,16
5786,19
5787,13
5788,16
5789,19
5790,16
5791,13
5792,19
5793,16
5794,16
5795,19
5796,19
5797,16
5798,19
5799,19
5800,16
5801,16
5802,16
5803,19
5804,16
5805,19
5806,19
5807,16
5808,19
5809,16
5810,16
5811,16
5812,16
5813,16
5814,13
5815,19
5816,16
5817,16
5818,19
5819,16
5820,19
5821,133
5822,19
5823,19
5824,13
5825,16
5826,19
5827,16
5828,133
5829,16
5830,96
5831,19
5832,16
5833,16
5834,13
5835,19
5836,19
5837,19
5838,19
5839,16
5840,16
5841,133
5842,133
5843,133
5844,19
5845,16
5846,19
5847,96
5848,16
5849,19
5850,19
5851,96
5852,16
5853,19
5854,19
5855,19
5856,96
5857,19
5858,19
5859,16
5860,19
5861,16
5862,16
5863,19
5864,16
5865,19
5866,96
5867,16
5868,19
5869,16
5870,16
5871,19
5872,16
5873,16
5874,16
5875,19
5876,19
5877,16
5878,19
5879,16
5880,19
5881,19
5882,16
5883,16
5884,16
5885,16
5886,16
5887,19
5888,19
5889,19
5890,16
5891,16
5892,19
5893,13
5894,19
5895,19
5896,19
5897,16
5898,13
5899,16
5900,16
5901,19
5902,16
5903,19
5904,19
5905,16
5906,19
5907,16
5908,19
5909,16
5910,16
5911,16
5912,16
5913,13
5914,16
5915,16
5916,16
5917,16
5918,16
5919,16
5920,16
5921,16
5922,16
5923,16
5924,16
5925,133
5926,16
5927,19
5928,16
5929,19
5930,16
5931,19
5932,16
5933,16
5934,16
5935,16
5936,19
5937,133
5938,16
5939,16
5940,19
5941,16
5942,19
5943,16
5944,16
5945,16
5946,19
5947,16
5948,19
5949,19
5950,16
5951,16
5952,19
5953,96
5954,16
5955,16
5956,19
5957,16
5958,19
5959,133
5960,19
5961,19
5962,13
5963,13
5964,16
5965,16
5966,19
5967,19
5968,13
5969,16
5970,19
5971,16
5972,16
5973,19
5974,19
5975,16
5976,16
5977,19
5978,16
5979,19
5980,19
5981,19
5982,19
5983,16
5984,16
5985,16
5986,16
5987,16
5988,16
5989,16
5990,16
5991,16
5992,16
5993,16
5994,19
5995,16
5996,16
5997,19
5998,19
5999,16
6000,16
6001,19
6002,16
6003,16
6004,96
6005,96
6006,19
6007,19
6008,19
6009,16
6010,16
6011,16
6012,16
6013,96
6014,16
6015,13
6016,16
6017,19
6018,19
6019,19
6020,19
6021,19
6022,16
6023,96
6024,16
6025,19
6026,133
6027,16
6028,16
6029,16
6030,16
6031,16
6032,16
6033,16
6034,19
6035,19
6036,16
6037,16
6038,16
6039,16
6040,19
6041,16
6042,16
6043,16
6044,19
6045,19
6046,16
6047,16
6048,16
6049,16
6050,16
6051,16
6052,16
6053,19
6054,16
6055,16
6056,19
6057,19
6058,16
6059,19
6060,19
6061,16
6062,133
6063,16
6064,19
6065,16
6066,16
6067,19
6068,19
6069,16
6070,16
6071,16
6072,19
6073,96
6074,16
6075,13
6076,133
6077,16
6078,16
6079,19
6080,19
6081,16
6082,16
6083,19
6084,16
6085,16
6086,19
6087,16
6088,16
6089,16
6090,16
6091,16
6092,16
6093,16
6094,16
6095,19
6096,16
6097,19
6098,19
6099,16
6100,16
6101,19
6102,19
6103,96
6104,16
6105,19
6106,16
6107,16
6108,16
6109,16
6110,16
6111,16
6112,16
6113,16
6114,13
6115,96
6116,19
6117,16
6118,16
6119,16
6120,16
6121,16
6122,96
6123,96
6124,19
6125,41
6126,16
6127,16
6128,19
6129,19
6130,16
6131,16
6132,19
6133,41
6134,13
6135,16
6136,16
6137,19
6138,16
6139,16
6140,19
6141,16
6142,16
6143,16
6144,19
6145,16
6146,16
6147,16
6148,16
6149,19
6150,16
6151,16
6152,16
6153,19
6154,133
6155,16
6156,19
6157,16
6158,19
6159,16
6160,16
6161,16
6162,19
6163,19
6164,41
6165,133
6166,16
6167,16
6168,16
6169,19
6170,19
6171,19
6172,16
6173,19
6174,16
6175,133
6176,19
6177,19
6178,16
6179,16
6180,133
6181,16
6182,16
6183,16
6184,16
6185,19
6186,16
6187,16
6188,16
6189,16
6190,19
6191,16
6192,16
6193,16
6194,16
6195,133
6196,16
6197,19
6198,16
6199,133
6200,13
6201,19
6202,16
6203,16
6204,19
6205,19
6206,19
6207,19
6208,16
6209,16
6210,19
6211,19
6212,19
6213,19
6214,16
6215,16
6216,19
6217,19
6218,16
6219,19
6220,16
6221,16
6222,19
6223,19
6224,19
6225,16
6226,16
6227,19
6228,19
6229,16
6230,19
6231,133
6232,19
6233,19
6234,16
6235,16
6236,16
6237,19
6238,16
6239,19
6240,16
6241,16
6242,19
6243,16
6244,16
6245,19
6246,19
6247,133
6248,19
6249,19
6250,19
6251,19
6252,16
6253,19
6254,19
6255,19
6256,16
6257,16
6258,19
6259,16
6260,16
6261,19
6262,19
6263,16
6264,41
6265,16
6266,19
6267,19
6268,19
6269,19
6270,16
6271,19
6272,16
6273,19
6274,19
6275,16
6276,19
6277,19
6278,16
6279,19
6280,19
6281,16
6282,16
6283,19
6284,16
6285,13
6286,19
6287,19
6288,19
6289,19
6290,16
6291,16
6292,19
6293,16
6294,16
6295,19
6296,19
6297,19
6298,19
6299,16
6300,19
6301,19
6302,16
6303,19
6304,19
6305,16
6306,19
6307,16
6308,16
6309,19
6310,19
6311,16
6312,41
6313,19
6314,19
6315,19
6316,16
6317,19
6318,16
6319,19
6320,41
6321,19
6322,19
6323,19
6324,19
6325,16
6326,19
6327,19
6328,19
6329,16
6330,19
6331,19
6332,16
6333,19
6334,16
6335,19
6336,16
6337,41
6338,19
6339,19
6340,19
6341,16
6342,16
6343,19
6344,16
6345,16
6346,41
6347,16
6348,19
6349,16
6350,16
6351,16
6352,19
6353,19
6354,19
6355,19
6356,19
6357,16
6358,16
6359,19
6360,19
6361,16
6362,19
6363,16
6364,16
6365,19
6366,19
6367,16
6368,19
6369,19
6370,19
6371,19
6372,16
6373,16
6374,19
6375,16
6376,16
6377,19
6378,16
6379,16
6380,19
6381,16
6382,19
6383,19
6384,19
6385,19
6386,19
6387,19
6388,19
6389,19
6390,19
6391,16
6392,16
6393,41
6394,19
6395,19
6396,16
6397,16
6398,16
6399,19
6400,19
6401,19
6402,19
6403,16
6404,19
6405,19
6406,19
6407,19
6408,19
6409,19
6410,19
6411,19
6412,13
6413,19
6414,19
6415,16
6416,19
6417,19
6418,19
6419,16
6420,19
6421,19
6422,19
6423,19
6424,16
6425,19
6426,19
6427,19
6428,19
6429,19
6430,19
6431,16
6432,16
6433,16
6434,19
6435,19
6436,19
6437,19
6438,19
6439,129
6440,16
6441,16
6442,19
6443,19
6444,16
6445,19
6446,19
6447,19
6448,19
6449,19
6450,16
6451,19
6452,19
6453,19
6454,19
6455,19
6456,19
6457,19
6458,19
6459,19
6460,16
6461,16
6462,19
6463,19
6464,19
6465,19
6466,19
6467,19
6468,19
6469,19
6470,19
6471,19
6472,19
6473,19
6474,19
6475,16
6476,19
6477,16
6478,19
6479,19
6480,19
6481,19
6482,19
6483,19
6484,19
6485,19
6486,19
6487,19
6488,19
6489,16
6490,19
6491,19
6492,19
6493,129
6494,19
6495,19
6496,16
6497,16
6498,16
6499,19
6500,19
6501,19
6502,19
6503,19
6504,133
6505,19
6506,19
6507,16
6508,19
6509,19
6510,16
6511,19
6512,19
6513,19
6514,16
6515,19
6516,19
6517,19
6518,16
6519,19
6520,19
6521,16
6522,16
6523,16
6524,19
6525,16
6526,19
6527,19
6528,16
6529,19
6530,19
6531,19
6532,19
6533,16
6534,19
6535,16
6536,16
6537,19
6538,19
6539,19
6540,16
6541,19
6542,19
6543,19
6544,19
6545,19
6546,19
6547,16
6548,19
6549,16
6550,19
6551,41
6552,19
6553,19
6554,19
6555,16
6556,16
6557,19
6558,41
6559,16
6560,19
6561,129
6562,19
6563,19
6564,19
6565,129
6566,19
6567,16
6568,129
6569,19
6570,19
6571,19
6572,19
6573,19
6574,19
6575,19
6576,19
6577,19
6578,19
6579,16
6580,19
6581,16
6582,16
6583,16
6584,23
6585,16
6586,16
6587,19
6588,19
6589,19
6590,19
6591,19
6592,19
6593,19
6594,16
6595,16
6596,19
6597,16
6598,16
6599,16
6600,41
6601,16
6602,19
6603,16
6604,16
6605,19
6606,19
6607,19
6608,19
6609,19
6610,16
6611,19
6612,19
6613,16
6614,19
6615,16
6616,19
6617,16
6618,19
6619,16
6620,41
6621,43
6622,19
6623,19
6624,41
6625,19
6626,19
6627,19
6628,19
6629,16
6630,19
6631,19
6632,16
6633,19
6634,16
6635,19
6636,16
6637,19
6638,19
6639,16
6640,19
6641,13
6642,19
6643,19
6644,16
6645,19
6646,19
6647,19
6648,16
6649,16
6650,16
6651,16
6652,16
6653,19
6654,16
6655,16
6656,19
6657,19
6658,19
6659,16
6660,16
6661,16
6662,16
6663,16
6664,19
6665,19
6666,129
6667,19
6668,43
6669,19
6670,19
6671,16
6672,129
6673,16
6674,19
6675,16
6676,19
6677,19
6678,19
6679,19
6680,16
6681,16
6682,16
6683,19
6684,96
6685,19
6686,13
6687,13
6688,16
6689,19
6690,19
6691,16
6692,41
6693,19
6694,96
6695,19
6696,16
6697,19
6698,19
6699,19
6700,16
6701,19
6702,19
6703,19
6704,16
6705,16
6706,19
6707,16
6708,19
6709,19
6710,16
6711,16
6712,16
6713,19
6714,16
6715,10
6716,19
6717,43
6718,19
6719,19
6720,16
6721,19
6722,16
6723,19
6724,19
6725,16
6726,19
6727,16
6728,19
6729,13
6730,19
6731,19
6732,19
6733,19
6734,16
6735,19
6736,16
6737,19
6738,19
6739,96
6740,41
6741,19
6742,16
6743,19
6744,16
6745,16
6746,19
6747,16
6748,13
6749,16
6750,19
6751,43
6752,19
6753,19
6754,19
6755,16
6756,19
6757,43
6758,16
6759,19
6760,19
6761,19
6762,19
6763,19
6764,19
6765,19
6766,19
6767,19
6768,19
6769,19
6770,16
6771,19
6772,16
6773,16
6774,19
6775,19
6776,16
6777,43
6778,19
6779,16
6780,16
6781,43
6782,16
6783,16
6784,19
6785,19
6786,19
6787,19
6788,19
6789,19
6790,16
6791,16
6792,16
6793,16
6794,16
6795,16
6796,19
6797,19
6798,19
6799,16
6800,19
6801,19
6802,19
6803,19
6804,16
6805,16
6806,19
6807,16
6808,16
6809,16
6810,19
6811,19
6812,16
6813,16
6814,16
6815,43
6816,19
6817,16
6818,16
6819,19
6820,133
6821,16
6822,19
6823,16
6824,13
6825,41
6826,19
6827,19
6828,19
6829,43
6830,16
6831,13
6832,43
6833,16
6834,19
6835,19
6836,19
6837,19
6838,19
6839,129
6840,19
6841,13
6842,16
6843,16
6844,19
6845,19
6846,19
6847,19
6848,19
6849,19
6850,19
6851,19
6852,19
6853,16
6854,19
6855,16
6856,19
6857,16
6858,16
6859,19
6860,19
6861,16
6862,19
6863,16
6864,19
6865,16
6866,19
6867,16
6868,19
6869,16
6870,16
6871,16
6872,19
6873,19
6874,16
6875,16
6876,19
6877,16
6878,16
6879,16
6880,19
6881,19
6882,16
6883,19
6884,16
6885,19
6886,16
6887,16
6888,19
6889,16
6890,19
6891,16
6892,16
6893,19
6894,16
6895,16
6896,16
6897,16
6898,19
6899,19
6900,19
6901,16
6902,16
6903,13
6904,19
6905,19
6906,16
6907,16
6908,19
6909,19
6910,41
6911,19
6912,19
6913,19
6914,19
6915,133
6916,19
6917,19
6918,41
6919,19
6920,19
6921,16
6922,16
6923,19
6924,19
6925,19
6926,19
6927,13
6928,16
6929,19
6930,16
6931,19
6932,16
6933,16
6934,16
6935,133
6936,19
6937,16
6938,19
6939,16
6940,19
6941,16
6942,19
6943,19
6944,16
6945,41
6946,129
6947,19
6948,19
6949,19
6950,16
6951,41
6952,19
6953,16
6954,16
6955,16
6956,19
6957,41
6958,19
6959,19
6960,19
6961,19
6962,16
6963,19
6964,19
6965,23
6966,19
6967,19
6968,19
6969,16
6970,19
6971,16
6972,16
6973,16
6974,16
6975,19
6976,19
6977,19
6978,19
6979,19
6980,19
6981,19
6982,19
6983,16
6984,16
6985,16
6986,19
6987,129
6988,129
6989,16
6990,16
6991,19
6992,16
6993,16
6994,19
6995,16
6996,16
6997,16
6998,19
6999,16
7000,19
7001,16
7002,16
7003,19
7004,16
7005,19
7006,16
7007,19
7008,19
7009,16
7010,19
7011,16
7012,16
7013,16
7014,16
7015,19
7016,19
7017,16
7018,16
7019,133
7020,16
7021,16
7022,16
7023,16
7024,19
7025,16
7026,19
7027,16
7028,16
7029,43
7030,43
7031,16
7032,16
7033,19
7034,19
7035,19
7036,16
7037,19
7038,16
7039,16
7040,16
7041,16
7042,16
7043,19
7044,19
7045,19
7046,19
7047,43
7048,16
7049,16
7050,19
7051,19
7052,43
7053,19
7054,19
7055,19
7056,16
7057,19
7058,19
7059,16
7060,19
7061,16
7062,19
7063,19
7064,16
7065,19
7066,16
7067,19
7068,16
7069,16
7070,19
7071,16
7072,19
7073,16
7074,19
7075,19
7076,19
7077,19
7078,19
7079,16
7080,19
7081,19
7082,41
7083,16
7084,19
7085,43
7086,16
7087,19
7088,16
7089,16
7090,16
7091,19
7092,16
7093,16
7094,16
7095,16
7096,19
7097,16
7098,16
7099,19
7100,19
7101,19
7102,19
7103,19
7104,16
7105,16
7106,16
7107,16
7108,19
7109,19
7110,19
7111,16
7112,19
7113,16
7114,16
7115,19
7116,16
7117,16
7118,16
7119,19
7120,13
7121,19
7122,19
7123,16
7124,19
7125,19
7126,19
7127,19
7128,16
7129,16
7130,13
7131,19
7132,19
7133,16
7134,19
7135,19
7136,19
7137,133
7138,16
7139,16
7140,19
7141,19
7142,16
7143,19
7144,19
7145,19
7146,19
7147,19
7148,19
7149,19
7150,19
7151,19
7152,16
7153,16
7154,19
7155,19
7156,19
7157,10
7158,16
7159,16
7160,19
7161,16
7162,19
7163,16
7164,19
7165,16
7166,19
7167,16
7168,19
7169,16
7170,19
7171,19
7172,16
7173,16
7174,16
7175,16
7176,19
7177,16
7178,16
7179,16
7180,19
7181,19
7182,19
7183,16
7184,16
7185,16
7186,19
7187,16
7188,41
7189,19
7190,16
7191,19
7192,10
7193,19
7194,16
7195,19
7196,16
7197,19
7198,19
7199,19
7200,19
7201,16
7202,16
7203,19
7204,19
7205,43
7206,16
7207,16
7208,19
7209,16
7210,16
7211,16
7212,16
7213,10
7214,16
7215,129
7216,16
7217,19
7218,19
7219,19
7220,16
7221,19
7222,16
7223,19
7224,19
7225,16
7226,19
7227,16
7228,16
7229,19
7230,10
7231,16
7232,19
7233,16
7234,16
7235,19
7236,16
7237,19
7238,19
7239,19
7240,19
7241,19
7242,16
7243,16
7244,19
7245,19
7246,16
7247,19
7248,16
7249,16
7250,19
7251,16
7252,19
7253,19
7254,19
7255,16
7256,19
7257,19
7258,19
7259,19
7260,19
7261,16
7262,16
7263,19
7264,19
7265,16
7266,19
7267,19
7268,19
7269,19
7270,19
7271,19
7272,16
7273,16
7274,16
7275,19
7276,16
7277,16
7278,19
7279,19
7280,19
7281,19
7282,19
7283,19
7284,19
7285,19
7286,19
7287,16
7288,19
7289,16
7290,19
7291,19
7292,16
7293,16
7294,16
7295,19
7296,16
7297,16
7298,19
7299,19
7300,16
7301,19
7302,16
7303,19
7304,19
7305,19
7306,19
7307,19
7308,19
7309,19
7310,16
7311,19
7312,19
7313,16
7314,16
7315,10
7316,19
7317,16
7318,41
7319,19
7320,19
7321,16
7322,19
7323,16
7324,16
7325,19
7326,16
7327,41
7328,19
7329,19
7330,19
7331,19
7332,16
7333,16
7334,41
7335,16
7336,16
7337,16
7338,16
7339,16
7340,16
7341,16
7342,19
7343,16
7344,16
7345,41
7346,16
7347,16
7348,41
7349,16
7350,19
7351,16
7352,19
7353,19
7354,16
7355,19
7356,16
7357,19
7358,19
7359,16
7360,16
7361,16
7362,16
7363,16
7364,16
7365,19
7366,19
7367,16
7368,16
7369,16
7370,19
7371,16
7372,19
7373,16
7374,19
7375,16
7376,19
7377,16
7378,19
7379,19
7380,19
7381,16
7382,16
7383,19
7384,16
7385,16
7386,19
7387,19
7388,19
7389,16
7390,19
7391,19
7392,19
7393,16
7394,16
7395,19
7396,19
7397,19
7398,19
7399,19
7400,19
7401,16
7402,16
7403,16
7404,19
7405,19
7406,19
7407,16
7408,16
7409,16
7410,16
7411,16
7412,16
7413,16
7414,19
7415,19
7416,16
7417,16
7418,16
7419,16
7420,16
7421,19
7422,16
7423,16
7424,16
7425,16
7426,16
7427,16
7428,19
7429,16
7430,16
7431,19
7432,19
7433,19
7434,16
7435,16
7436,19
7437,19
7438,19
7439,19
7440,16
7441,16
7442,19
7443,19
7444,16
7445,19
7446,19
7447,16
7448,19
7449,19
7450,16
7451,19
7452,19
7453,19
7454,16
7455,19
7456,16
7457,19
7458,19
7459,16
7460,41
7461,16
7462,19
7463,19
7464,19
7465,16
7466,16
7467,16
7468,16
7469,16
7470,16
7471,133
7472,19
7473,19
7474,19
7475,16
7476,16
7477,19
7478,16
7479,41
7480,19
7481,19
7482,19
7483,19
7484,19
7485,19
7486,19
7487,19
7488,16
7489,43
7490,19
7491,19
7492,16
7493,19
7494,16
7495,19
7496,16
7497,19
7498,19
7499,16
7500,16
7501,16
7502,19
7503,10
7504,16
7505,16
7506,16
7507,19
7508,19
7509,19
7510,16
7511,19
7512,19
7513,19
7514,19
7515,19
7516,19
7517,19
7518,16
7519,19
7520,19
7521,96
7522,16
7523,19
7524,19
7525,19
7526,19
7527,16
7528,19
7529,133
7530,16
7531,19
7532,19
7533,16
7534,16
7535,19
7536,16
7537,19
7538,16
7539,19
7540,19
7541,16
7542,19
7543,10
7544,16
7545,10
7546,19
7547,16
7548,16
7549,133
7550,19
7551,19
7552,16
7553,16
7554,16
7555,19
7556,19
7557,16
7558,16
7559,43
7560,19
7561,19
7562,16
7563,16
7564,19
7565,16
7566,19
7567,19
7568,19
7569,19
7570,19
7571,43
7572,16
7573,16
7574,19
7575,19
7576,19
7577,19
7578,16
7579,19
7580,19
7581,16
7582,19
7583,19
7584,19
7585,16
7586,19
7587,19
7588,19
7589,19
7590,16
7591,19
7592,19
7593,19
7594,16
7595,19
7596,16
7597,19
7598,19
7599,16
7600,19
7601,16
7602,19
7603,16
7604,19
7605,19
7606,19
7607,19
7608,16
7609,16
7610,19
7611,16
7612,19
7613,19
7614,19
7615,16
7616,19
7617,19
7618,19
7619,16
7620,19
7621,16
7622,19
7623,16
7624,16
7625,19
7626,19
7627,19
7628,16
7629,16
7630,16
7631,19
7632,16
7633,19
7634,19
7635,19
7636,19
7637,16
7638,16
7639,19
7640,19
7641,16
7642,19
7643,16
7644,19
7645,19
7646,19
7647,19
7648,19
7649,16
7650,19
7651,19
7652,19
7653,16
7654,19
7655,19
7656,19
7657,19
7658,19
7659,16
7660,19
7661,19
7662,16
7663,16
7664,19
7665,19
7666,16
7667,19
7668,19
7669,19
7670,16
7671,16
7672,19
7673,19
7674,19
7675,16
7676,16
7677,16
7678,16
7679,16
7680,19
7681,16
7682,16
7683,16
7684,16
7685,16
7686,16
7687,19
7688,19
7689,16
7690,19
7691,16
7692,19
7693,16
7694,16
7695,16
7696,19
7697,19
7698,19
7699,16
7700,16
7701,16
7702,16
7703,16
7704,16
7705,16
7706,16
7707,16
7708,16
7709,19
7710,19
7711,16
7712,19
7713,16
7714,16
7715,19
7716,16
7717,19
7718,19
7719,19
7720,16
7721,16
7722,16
7723,19
7724,16
7725,19
7726,19
7727,16
7728,19
7729,19
7730,19
7731,19
7732,43
7733,16
7734,16
7735,19
7736,19
7737,19
7738,19
7739,16
7740,19
7741,19
7742,16
7743,133
7744,16
7745,19
7746,19
7747,16
7748,16
7749,16
7750,16
7751,19
7752,16
7753,19
7754,19
7755,19
7756,16
7757,16
7758,19
7759,19
7760,16
7761,16
7762,16
7763,16
7764,16
7765,16
7766,19
7767,16
7768,19
7769,19
7770,16
7771,16
7772,16
7773,16
7774,16
7775,19
7776,19
7777,16
7778,16
7779,16
7780,16
7781,16
7782,19
7783,19
7784,23
7785,16
7786,19
7787,16
7788,16
7789,16
7790,16
7791,16
7792,19
7793,19
7794,96
7795,19
7796,16
7797,19
7798,19
7799,19
7800,19
7801,16
7802,19
7803,16
7804,16
7805,16
7806,19
7807,19
7808,16
7809,16
7810,19
7811,16
7812,16
7813,19
7814,19
7815,16
7816,16
7817,16
7818,19
7819,16
7820,19
7821,19
7822,19
7823,19
7824,16
7825,16
7826,16
7827,16
7828,16
7829,16
7830,19
7831,19
7832,19
7833,96
7834,19
7835,16
7836,16
7837,19
7838,19
7839,16
7840,19
7841,16
7842,19
7843,16
7844,16
7845,16
7846,19
7847,96
7848,16
7849,19
7850,16
7851,16
7852,19
7853,16
7854,16
7855,41
7856,19
7857,19
7858,19
7859,16
7860,16
7861,19
7862,19
7863,16
7864,16
7865,16
7866,16
7867,19
7868,16
7869,16
7870,19
7871,16
7872,16
7873,19
7874,19
7875,16
7876,19
7877,16
7878,19
7879,19
7880,16
7881,19
7882,16
7883,16
7884,19
7885,19
7886,16
7887,16
7888,16
7889,16
7890,19
7891,16
7892,16
7893,16
7894,16
7895,19
7896,19
7897,19
7898,16
7899,19
7900,16
7901,19
7902,19
7903,16
7904,19
7905,16
7906,16
7907,16
7908,16
7909,16
7910,16
7911,16
7912,19
7913,19
7914,16
7915,19
7916,16
7917,19
7918,19
7919,19
7920,19
7921,19
7922,16
7923,19
7924,16
7925,16
7926,16
7927,19
7928,19
7929,19
7930,16
7931,16
7932,16
7933,16
7934,16
7935,16
7936,19
7937,19
7938,16
7939,19
7940,19
7941,16
7942,16
7943,16
7944,16
7945,19
7946,19
7947,19
7948,16
7949,16
7950,16
7951,19
7952,16
7953,19
7954,19
7955,16
7956,19
7957,16
7958,19
7959,16
7960,16
7961,16
7962,19
7963,19
7964,19
7965,16
7966,16
7967,19
7968,19
7969,16
7970,19
7971,16
7972,16
7973,96
7974,16
7975,19
7976,16
7977,19
7978,16
7979,19
7980,16
7981,16
7982,16
7983,19
7984,16
7985,19
7986,19
7987,19
7988,16
7989,16
7990,19
7991,16
7992,19
7993,16
7994,19
7995,16
7996,19
7997,16
7998,19
7999,19
8000,19
8001,16
8002,133
8003,16
8004,19
8005,16
8006,19
8007,19
8008,19
8009,19
8010,19
8011,19
8012,16
8013,16
8014,19
8015,16
8016,19
8017,16
8018,19
8019,19
8020,16
8021,16
8022,19
8023,16
8024,19
8025,133
8026,133
8027,16
8028,16
8029,16
8030,16
8031,16
8032,19
8033,19
8034,19
8035,16
8036,16
8037,16
8038,19
8039,19
8040,19
8041,19
8042,19
8043,16
8044,16
8045,19
8046,16
8047,16
8048,19
8049,16
8050,16
8051,16
8052,19
8053,19
8054,19
8055,19
8056,16
8057,19
8058,19
8059,16
8060,19
8061,19
8062,16
8063,19
8064,19
8065,19
8066,19
8067,16
8068,16
8069,19
8070,16
8071,16
8072,19
8073,16
8074,16
8075,19
8076,19
8077,19
8078,19
8079,19
8080,16
8081,19
8082,16
8083,16
8084,19
8085,16
8086,19
8087,19
8088,19
8089,16
8090,19
8091,16
8092,19
8093,19
8094,16
8095,19
8096,19
8097,19
8098,16
8099,16
8100,19
8101,16
8102,19
8103,16
8104,19
8105,16
8106,19
8107,19
8108,19
8109,19
8110,16
8111,19
8112,16
8113,19
8114,19
8115,19
8116,16
8117,16
8118,96
8119,16
8120,19
8121,16
8122,16
8123,16
8124,19
8125,16
8126,16
8127,16
8128,16
8129,16
8130,19
8131,16
8132,19
8133,16
8134,16
8135,19
8136,16
8137,19
8138,19
8139,19
8140,19
8141,133
8142,16
8143,16
8144,19
8145,16
8146,16
8147,16
8148,19
8149,16
8150,19
8151,19
8152,16
8153,19
8154,16
8155,19
8156,16
8157,19
8158,19
8159,19
8160,19
8161,16
8162,19
8163,16
8164,19
8165,19
8166,23
8167,19
8168,19
8169,19
8170,19
8171,19
8172,19
8173,16
8174,16
8175,16
8176,16
8177,19
8178,19
8179,19
8180,19
8181,19
8182,16
8183,16
8184,16
8185,16
8186,16
8187,16
8188,16
8189,16
8190,19
8191,16
8192,133
8193,19
8194,19
8195,19
8196,16
8197,16
8198,19
8199,19
8200,16
8201,19
8202,16
8203,19
8204,19
8205,16
8206,19
8207,16
8208,16
8209,19
8210,16
8211,19
8212,19
8213,16
8214,19
8215,16
8216,16
8217,16
8218,16
8219,19
8220,16
8221,16
8222,16
8223,19
8224,19
8225,19
8226,16
8227,16
8228,19
8229,19
8230,16
8231,19
8232,16
8233,16
8234,19
8235,16
8236,19
8237,16
8238,19
8239,19
8240,16
8241,16
8242,16
8243,16
8244,16
8245,19
8246,19
8247,19
8248,41
8249,19
8250,19
8251,19
8252,16
8253,19
8254,16
8255,19
8256,16
8257,19
8258,19
8259,19
8260,19
8261,19
8262,19
8263,16
8264,19
8265,16
8266,19
8267,19
8268,19
8269,16
8270,19
8271,19
8272,19
8273,23
8274,19
8275,19
8276,16
8277,16
8278,16
8279,16
8280,16
8281,19
8282,19
8283,133
8284,19
8285,16
8286,16
8287,16
8288,19
8289,19
8290,19
8291,16
8292,16
8293,19
8294,19
8295,16
8296,16
8297,19
8298,19
8299,16
8300,16
8301,19
8302,16
8303,19
8304,16
8305,16
8306,16
8307,16
8308,19
8309,16
8310,19
8311,16
8312,19
8313,19
8314,19
8315,16
8316,16
8317,19
8318,16
8319,19
8320,19
8321,19
8322,19
8323,19
8324,16
8325,19
8326,19
8327,19
8328,19
8329,19
8330,16
8331,16
8332,19
8333,16
8334,16
8335,16
8336,16
8337,16
8338,16
8339,19
8340,19
8341,19
8342,19
8343,16
8344,16
8345,16
8346,19
8347,19
8348,19
8349,19
8350,19
8351,19
8352,19
8353,19
8354,16
8355,16
8356,19
8357,19
8358,16
8359,19
8360,16
8361,16
8362,19
8363,19
8364,19
8365,16
8366,19
8367,19
8368,19
8369,16
8370,16
8371,16
8372,19
8373,19
8374,16
8375,16
8376,19
8377,19
8378,16
8379,96
8380,19
8381,133
8382,19
8383,19
8384,16
8385,16
8386,19
8387,19
8388,19
8389,16
8390,19
8391,19
8392,16
8393,16
8394,16
8395,19
8396,19
8397,19
8398,19
8399,16
8400,16
8401,16
8402,16
8403,16
8404,16
8405,19
8406,16
8407,19
8408,19
8409,16
8410,16
8411,19
8412,16
8413,19
8414,96
8415,16
8416,19
8417,16
8418,16
8419,19
8420,16
8421,19
8422,16
8423,19
8424,19
8425,19
8426,19
8427,16
8428,16
8429,19
8430,16
8431,19
8432,16
8433,16
8434,16
8435,16
8436,16
8437,16
8438,19
8439,16
8440,19
8441,19
8442,19
8443,19
8444,16
8445,16
8446,19
8447,16
8448,19
8449,16
8450,19
8451,16
8452,16
8453,16
8454,19
8455,16
8456,19
8457,19
8458,19
8459,19
8460,19
8461,16
8462,19
8463,19
8464,16
8465,19
8466,16
8467,19
8468,19
8469,16
8470,19
8471,19
8472,16
8473,19
8474,16
8475,16
8476,19
8477,16
8478,16
8479,19
8480,16
8481,16
8482,19
8483,16
8484,16
8485,19
8486,16
8487,19
8488,19
8489,19
8490,19
8491,16
8492,19
8493,16
8494,16
8495,19
8496,19
8497,19
8498,19
8499,16
8500,16
8501,19
8502,19
8503,19
8504,16
8505,16
8506,16
8507,16
8508,16
8509,16
8510,19
8511,16
8512,16
8513,16
8514,19
8515,19
8516,133
8517,16
8518,19
8519,19
8520,133
8521,19
8522,16
8523,19
8524,19
8525,16
8526,19
8527,16
8528,19
8529,16
8530,16
8531,19
8532,19
8533,19
8534,16
8535,16
8536,41
8537,19
8538,19
8539,16
8540,16
8541,19
8542,16
8543,16
8544,16
8545,19
8546,16
8547,19
8548,19
8549,16
8550,19
8551,16
8552,19
8553,16
8554,16
8555,19
8556,19
8557,19
8558,19
8559,19
8560,19
8561,16
8562,19
8563,16
8564,16
8565,16
8566,16
8567,16
8568,19
8569,19
8570,16
8571,19
8572,16
8573,16
8574,19
8575,16
8576,16
8577,19
8578,19
8579,16
8580,19
8581,19
8582,16
8583,16
8584,16
8585,19
8586,19
8587,16
8588,16
8589,16
8590,19
8591,19
8592,19
8593,16
8594,19
8595,16
8596,19
8597,16
8598,19
8599,19
8600,19
8601,19
8602,19
8603,16
8604,19
8605,16
8606,16
8607,16
8608,16
8609,16
8610,133
8611,19
8612,19
8613,16
8614,19
8615,19
8616,19
8617,16
8618,19
8619,19
8620,16
8621,16
8622,16
8623,19
8624,16
8625,19
8626,16
8627,19
8628,16
8629,16
8630,19
8631,19
8632,19
8633,19
8634,16
8635,16
8636,16
8637,19
8638,16
8639,19
8640,19
8641,19
8642,16
8643,19
8644,16
8645,19
8646,19
8647,16
8648,19
8649,16
8650,16
8651,16
8652,16
8653,19
8654,16
8655,16
8656,16
8657,16
8658,16
8659,16
8660,16
8661,19
8662,19
8663,19
8664,16
8665,16
8666,19
8667,16
8668,16
8669,19
8670,16
8671,16
8672,19
8673,16
8674,16
8675,16
8676,19
8677,16
8678,19
8679,16
8680,19
8681,16
8682,16
8683,16
8684,19
8685,19
8686,16
8687,19
8688,16
8689,16
8690,16
8691,16
8692,16
8693,16
8694,19
8695,16
8696,19
8697,16
8698,19
8699,16
8700,16
8701,19
8702,19
8703,16
8704,19
8705,16
8706,16
8707,19
8708,16
8709,16
8710,16
8711,19
8712,16
8713,16
8714,19
8715,19
8716,16
8717,16
8718,16
8719,16
8720,16
8721,16
8722,16
8723,19
8724,16
8725,16
8726,19
8727,19
8728,19
8729,16
8730,19
8731,19
8732,16
8733,19
8734,16
8735,19
8736,96
8737,16
8738,19
8739,19
8740,16
8741,19
8742,16
8743,19
8744,19
8745,19
8746,19
8747,19
8748,16
8749,16
8750,16
8751,19
8752,19
8753,16
8754,16
8755,13
8756,19
8757,19
8758,19
8759,16
8760,16
8761,16
8762,16
8763,19
8764,16
8765,19
8766,19
8767,16
8768,16
8769,19
8770,16
8771,16
8772,16
8773,19
8774,19
8775,19
8776,19
8777,19
8778,19
8779,19
8780,16
8781,19
8782,16
8783,16
8784,16
8785,16
8786,19
8787,16
8788,19
8789,16
8790,41
8791,19
8792,19
8793,16
8794,19
8795,19
8796,19
8797,19
8798,16
8799,16
8800,19
8801,19
8802,16
8803,19
8804,16
8805,19
8806,16
8807,16
8808,19
8809,19
8810,16
8811,16
8812,19
8813,19
8814,19
8815,16
8816,16
8817,16
8818,19
8819,19
8820,16
8821,19
8822,16
8823,19
8824,16
8825,19
8826,19
8827,19
8828,19
8829,16
8830,16
8831,16
8832,19
8833,16
8834,16
8835,16
8836,19
8837,19
8838,19
8839,16
8840,19
8841,16
8842,16
8843,16
8844,16
8845,13
8846,16
8847,16
8848,19
8849,19
8850,16
8851,16
8852,16
8853,16
8854,19
8855,16
8856,16
8857,19
8858,19
8859,19
8860,19
8861,16
8862,16
8863,16
8864,16
8865,19
8866,19
8867,16
8868,16
8869,19
8870,16
8871,16
8872,19
8873,16
8874,16
8875,16
8876,19
8877,19
8878,16
8879,16
8880,16
8881,16
8882,19
8883,16
8884,16
8885,19
8886,16
8887,16
8888,19
8889,41
8890,16
8891,19
8892,19
8893,16
8894,19
8895,19
8896,19
8897,41
8898,19
8899,16
8900,16
8901,16
8902,16
8903,19
8904,16
8905,16
8906,16
8907,19
8908,19
8909,16
8910,16
8911,16
8912,16
8913,16
8914,19
8915,16
8916,16
8917,19
8918,19
8919,16
8920,16
8921,19
8922,19
8923,19
8924,16
8925,19
8926,19
8927,19
8928,19
8929,16
8930,16
8931,16
8932,16
8933,16
8934,16
8935,19
8936,96
8937,16
8938,16
8939,16
8940,19
8941,19
8942,19
8943,19
8944,19
8945,19
8946,19
8947,16
8948,19
8949,16
8950,16
8951,19
8952,19
8953,19
8954,16
8955,19
8956,19
8957,19
8958,19
8959,19
8960,19
8961,16
8962,19
8963,19
8964,19
8965,19
8966,16
8967,19
8968,19
8969,19
8970,19
8971,19
8972,16
8973,19
8974,19
8975,19
8976,19
8977,16
8978,19
8979,16
8980,96
8981,19
8982,19
8983,16
8984,19
8985,16
8986,19
8987,16
8988,16
8989,19
8990,19
8991,16
8992,19
8993,19
8994,19
8995,19
8996,13
8997,19
8998,16
8999,13
9000,19
9001,16
9002,16
9003,16
9004,19
9005,16
9006,19
9007,19
9008,19
9009,19
9010,16
9011,16
9012,19
9013,16
9014,19
9015,16
9016,19
9017,19
9018,16
9019,19
9020,16
9021,19
9022,19
9023,16
9024,16
9025,16
9026,19
9027,16
9028,16
9029,19
9030,19
9031,16
9032,16
9033,23
9034,19
9035,16
9036,16
9037,19
9038,16
9039,19
9040,19
9041,23
9042,16
9043,16
9044,19
9045,19
9046,16
9047,19
9048,16
9049,19
9050,19
9051,19
9052,19
9053,19
9054,19
9055,19
9056,19
9057,23
9058,19
9059,19
9060,19
9061,16
9062,19
9063,16
9064,16
9065,16
9066,19
9067,16
9068,19
9069,16
9070,19
9071,16
9072,19
9073,16
9074,16
9075,19
9076,16
9077,19
9078,16
9079,41
9080,19
9081,96
9082,16
9083,19
9084,19
9085,16
9086,16
9087,19
9088,133
9089,16
9090,19
9091,16
9092,19
9093,16
9094,133
9095,16
9096,19
9097,16
9098,19
9099,16
9100,19
9101,19
9102,16
9103,16
9104,16
9105,19
9106,19
9107,16
9108,16
9109,16
9110,16
9111,19
9112,16
9113,19
9114,16
9115,19
9116,16
9117,16
9118,16
9119,19
9120,16
9121,16
9122,16
9123,96
9124,16
9125,16
9126,16
9127,16
9128,19
9129,133
9130,19
9131,16
9132,16
9133,133
9134,16
9135,16
9136,16
9137,19
9138,16
9139,16
9140,19
9141,16
9142,19
9143,16
9144,19
9145,41
9146,19
9147,16
9148,19
9149,16
9150,19
9151,16
9152,19
9153,19
9154,23
9155,16
9156,16
9157,96
9158,16
9159,19
9160,19
9161,19
9162,16
9163,19
9164,19
9165,19
9166,16
9167,16
9168,19
9169,16
9170,16
9171,19
9172,10
9173,16
9174,16
9175,19
9176,16
9177,16
9178,16
9179,16
9180,19
9181,16
9182,16
9183,19
9184,19
9185,16
9186,41
9187,16
9188,16
9189,16
9190,16
9191,19
9192,16
9193,16
9194,19
9195,16
9196,16
9197,16
9198,19
9199,16
9200,16
9201,16
9202,19
9203,19
9204,16
9205,16
9206,16
9207,19
9208,16
9209,16
9210,16
9211,19
9212,19
9213,16
9214,16
9215,19
9216,16
9217,16
9218,16
9219,19
9220,19
9221,19
9222,19
9223,19
9224,19
9225,16
9226,16
9227,16
9228,41
9229,19
9230,19
9231,16
9232,19
9233,16
9234,19
9235,41
9236,19
9237,19
9238,23
9239,19
9240,19
9241,19
9242,19
9243,16
9244,19
9245,16
9246,19
9247,19
9248,16
9249,16
9250,16
9251,19
9252,19
9253,19
9254,19
9255,16
9256,16
9257,16
9258,16
9259,16
9260,16
9261,96
9262,16
9263,96
9264,16
9265,16
9266,16
9267,96
9268,16
9269,16
9270,23
9271,16
9272,16
9273,16
9274,16
9275,23
9276,19
9277,16
9278,19
9279,19
9280,16
9281,16
9282,16
9283,19
9284,19
9285,16
9286,16
9287,19
9288,19
9289,16
9290,16
9291,19
9292,19
9293,19
9294,16
9295,19
9296,16
9297,16
9298,16
9299,19
9300,16
9301,16
9302,16
9303,96
9304,16
9305,16
9306,16
9307,16
9308,19
9309,19
9310,23
9311,16
9312,16
9313,19
9314,16
9315,19
9316,19
9317,96
9318,19
9319,16
9320,19
9321,19
9322,19
9323,19
9324,96
9325,19
9326,19
9327,16
9328,16
9329,16
9330,19
9331,19
9332,19
9333,19
9334,19
9335,19
9336,16
9337,19
9338,16
9339,16
9340,19
9341,19
9342,16
9343,16
9344,10
9345,16
9346,19
9347,16
9348,19
9349,16
9350,19
9351,19
9352,19
9353,19
9354,19
9355,19
9356,19
9357,16
9358,19
9359,16
9360,16
9361,16
9362,19
9363,16
9364,19
9365,13
9366,96
9367,16
9368,16
9369,16
9370,16
9371,19
9372,16
9373,16
9374,16
9375,16
9376,16
9377,16
9378,16
9379,19
9380,19
9381,19
9382,19
9383,16
9384,16
9385,19
9386,16
9387,19
9388,16
9389,19
9390,96
9391,16
9392,16
9393,16
9394,16
9395,16
9396,19
9397,19
9398,19
9399,16
9400,19
9401,16
9402,16
9403,19
9404,16
9405,19
9406,16
9407,16
9408,19
9409,19
9410,16
9411,19
9412,19
9413,19
9414,19
9415,10
9416,16
9417,16
9418,16
9419,16
9420,16
9421,19
9422,16
9423,10
9424,16
9425,19
9426,19
9427,19
9428,13
9429,16
9430,19
9431,16
9432,19
9433,19
9434,19
9435,19
9436,133
9437,16
9438,16
9439,19
9440,19
9441,16
9442,19
9443,19
9444,19
9445,16
9446,16
9447,16
9448,16
9449,19
9450,19
9451,19
9452,19
9453,16
9454,19
9455,16
9456,19
9457,41
9458,19
9459,16
9460,19
9461,19
9462,13
9463,16
9464,19
9465,16
9466,16
9467,19
9468,19
9469,16
9470,16
9471,19
9472,19
9473,16
9474,10
9475,16
9476,16
9477,19
9478,19
9479,16
9480,10
9481,19
9482,16
9483,16
9484,16
9485,16
9486,19
9487,10
9488,133
9489,19
9490,19
9491,41
9492,16
9493,19
9494,19
9495,19
9496,16
9497,19
9498,16
9499,19
9500,16
9501,16
9502,16
9503,16
9504,16
9505,16
9506,19
9507,19
9508,16
9509,19
9510,19
9511,19
9512,41
9513,16
9514,96
9515,13
9516,16
9517,16
9518,133
9519,19
9520,19
9521,19
9522,16
9523,16
9524,16
9525,16
9526,19
9527,16
9528,19
9529,19
9530,19
9531,16
9532,16
9533,19
9534,19
9535,16
9536,19
9537,19
9538,16
9539,19
9540,16
9541,19
9542,41
9543,19
9544,41
9545,23
9546,16
9547,19
9548,19
9549,16
9550,16
9551,16
9552,16
9553,16
9554,19
9555,16
9556,16
9557,16
9558,19
9559,19
9560,16
9561,19
9562,41
9563,19
9564,41
9565,16
9566,16
9567,19
9568,16
9569,19
9570,16
9571,16
9572,16
9573,16
9574,19
9575,16
9576,16
9577,19
9578,19
9579,16
9580,16
9581,19
9582,19
9583,19
9584,16
9585,16
9586,16
9587,16
9588,19
9589,19
9590,19
9591,19
9592,16
9593,96
9594,19
9595,13
9596,16
9597,16
9598,19
9599,16
9600,16
9601,10
9602,19
9603,19
9604,19
9605,19
9606,16
9607,16
9608,19
9609,19
9610,19
9611,16
9612,16
9613,16
9614,19
9615,16
9616,16
9617,19
9618,16
9619,19
9620,16
9621,19
9622,16
9623,16
9624,19
9625,16
9626,16
9627,16
9628,10
9629,19
9630,16
9631,19
9632,16
9633,16
9634,16
9635,19
9636,16
9637,16
9638,16
9639,19
9640,19
9641,19
9642,19
9643,19
9644,19
9645,19
9646,19
9647,16
9648,19
9649,16
9650,19
9651,16
9652,19
9653,19
9654,19
9655,16
9656,19
9657,41
9658,41
9659,96
9660,41
9661,19
9662,16
9663,16
9664,19
9665,19
9666,19
9667,19
9668,16
9669,41
9670,16
9671,16
9672,19
9673,16
9674,16
9675,16
9676,19
9677,19
9678,16
9679,16
9680,16
9681,16
9682,19
9683,96
9684,19
9685,16
9686,19
9687,16
9688,19
9689,16
9690,19
9691,19
9692,16
9693,19
9694,19
9695,19
9696,133
9697,19
9698,19
9699,19
9700,19
9701,19
9702,19
9703,133
9704,19
9705,16
9706,16
9707,19
9708,16
9709,16
9710,16
9711,16
9712,16
9713,16
9714,19
9715,19
9716,16
9717,16
9718,16
9719,16
9720,16
9721,16
9722,133
9723,16
9724,19
9725,19
9726,19
9727,16
9728,19
9729,16
9730,19
9731,19
9732,16
9733,16
9734,19
9735,41
9736,16
9737,41
9738,19
9739,16
9740,16
9741,19
9742,16
9743,16
9744,19
9745,19
9746,16
9747,19
9748,16
9749,16
9750,19
9751,16
9752,19
9753,16
9754,19
9755,19
9756,19
9757,19
9758,19
9759,19
9760,19
9761,13
9762,16
9763,19
9764,19
9765,16
9766,16
9767,16
9768,16
9769,16
9770,16
9771,19
9772,16
9773,16
9774,19
9775,16
9776,19
9777,16
9778,19
9779,19
9780,19
9781,16
9782,16
9783,16
9784,16
9785,16
9786,19
9787,19
9788,19
9789,19
9790,19
9791,19
9792,19
9793,16
9794,19
9795,16
9796,19
9797,19
9798,16
9799,19
9800,19
9801,19
9802,19
9803,16
9804,19
9805,96
9806,16
9807,19
9808,19
9809,43
9810,16
9811,19
9812,16
9813,19
9814,19
9815,19
9816,19
9817,16
9818,16
9819,16
9820,16
9821,19
9822,16
9823,19
9824,19
9825,16
9826,16
9827,16
9828,19
9829,16
9830,19
9831,96
9832,19
9833,16
9834,19
9835,19
9836,16
9837,41
9838,19
9839,19
9840,19
9841,16
9842,19
9843,19
9844,19
9845,19
9846,19
9847,19
9848,19
9849,19
9850,19
9851,19
9852,16
9853,19
9854,16
9855,16
9856,19
9857,19
9858,19
9859,16
9860,16
9861,19
9862,19
9863,19
9864,19
9865,19
9866,19
9867,19
9868,19
9869,19
9870,16
9871,19
9872,16
9873,16
9874,19
9875,19
9876,16
9877,16
9878,16
9879,16
9880,19
9881,16
9882,19
9883,16
9884,16
9885,16
9886,16
9887,19
9888,19
9889,19
9890,16
9891,19
9892,16
9893,16
9894,19
9895,16
9896,16
9897,16
9898,19
9899,16
9900,16
9901,19
9902,19
9903,16
9904,16
9905,16
9906,16
9907,16
9908,16
9909,16
9910,19
9911,16
9912,19
9913,19
9914,19
9915,19
9916,19
9917,16
9918,19
9919,19
9920,16
9921,16
9922,19
9923,16
9924,19
9925,19
9926,19
9927,19
9928,133
9929,96
9930,19
9931,19
9932,16
9933,19
9934,19
9935,16
9936,19
9937,16
9938,19
9939,96
9940,19
9941,16
9942,19
9943,19
9944,19
9945,16
9946,133
9947,16
9948,19
9949,16
9950,16
9951,16
9952,16
9953,19
9954,16
9955,19
9956,19
9957,19
9958,19
9959,19
9960,19
9961,16
9962,19
9963,19
9964,16
9965,19
9966,96
9967,19
9968,19
9969,16
9970,19
9971,19
9972,16
9973,16
9974,16
9975,13
9976,19
9977,19
9978,19
9979,19
9980,19
9981,16
9982,16
9983,19
9984,19
9985,16
9986,96
9987,19
9988,96
9989,16
9990,16
9991,19
9992,19
9993,16
9994,16
9995,19
9996,16
9997,96
9998,16
9999,16
10000,16
10001,16
